cena_opcji,odw_t,t,sigma,S_0,r,K,T,opcja,wersja
21.176316825430213,12.0,0.08333333333333333,0.05,50.0,0.02,30.0,2.0,a,call
20.21552738627789,12.0,0.08333333333333333,0.05,50.0,0.02,31.0,2.0,a,call
19.254737947125566,12.0,0.08333333333333333,0.05,50.0,0.02,32.0,2.0,a,call
18.29394850797324,12.0,0.08333333333333333,0.05,50.0,0.02,33.0,2.0,a,call
17.333159068820915,12.0,0.08333333333333333,0.05,50.0,0.02,34.0,2.0,a,call
16.37236962966859,12.0,0.08333333333333333,0.05,50.0,0.02,35.0,2.0,a,call
15.411580192849982,12.0,0.08333333333333333,0.05,50.0,0.02,36.0,2.0,a,call
14.450790823084512,12.0,0.08333333333333333,0.05,50.0,0.02,37.0,2.0,a,call
13.490002333403456,12.0,0.08333333333333333,0.05,50.0,0.02,38.0,2.0,a,call
12.529220812424876,12.0,0.08333333333333333,0.05,50.0,0.02,39.0,2.0,a,call
11.568476029104739,12.0,0.08333333333333333,0.05,50.0,0.02,40.0,2.0,a,call
10.60786341311389,12.0,0.08333333333333333,0.05,50.0,0.02,41.0,2.0,a,call
9.647643240270385,12.0,0.08333333333333333,0.05,50.0,0.02,42.0,2.0,a,call
8.68914910328941,12.0,0.08333333333333333,0.05,50.0,0.02,43.0,2.0,a,call
7.734917430752254,12.0,0.08333333333333333,0.05,50.0,0.02,44.0,2.0,a,call
6.789238140997643,12.0,0.08333333333333333,0.05,50.0,0.02,45.0,2.0,a,call
5.856944994062192,12.0,0.08333333333333333,0.05,50.0,0.02,46.0,2.0,a,call
4.953482516674761,12.0,0.08333333333333333,0.05,50.0,0.02,47.0,2.0,a,call
4.100805780585526,12.0,0.08333333333333333,0.05,50.0,0.02,48.0,2.0,a,call
3.3026237661470255,12.0,0.08333333333333333,0.05,50.0,0.02,49.0,2.0,a,call
2.5620561353256863,12.0,0.08333333333333333,0.05,50.0,0.02,50.0,2.0,a,call
1.9558891043908548,12.0,0.08333333333333333,0.05,50.0,0.02,51.0,2.0,a,call
1.4323162488228227,12.0,0.08333333333333333,0.05,50.0,0.02,52.0,2.0,a,call
0.9846216057766994,12.0,0.08333333333333333,0.05,50.0,0.02,53.0,2.0,a,call
0.6832789011250534,12.0,0.08333333333333333,0.05,50.0,0.02,54.0,2.0,a,call
0.4414505877248036,12.0,0.08333333333333333,0.05,50.0,0.02,55.0,2.0,a,call
0.26491758241007224,12.0,0.08333333333333333,0.05,50.0,0.02,56.0,2.0,a,call
0.16517549908628876,12.0,0.08333333333333333,0.05,50.0,0.02,57.0,2.0,a,call
0.08797169137459392,12.0,0.08333333333333333,0.05,50.0,0.02,58.0,2.0,a,call
0.0497524469725876,12.0,0.08333333333333333,0.05,50.0,0.02,59.0,2.0,a,call
0.02496930918890729,12.0,0.08333333333333333,0.05,50.0,0.02,60.0,2.0,a,call
0.011425982308306559,12.0,0.08333333333333333,0.05,50.0,0.02,61.0,2.0,a,call
0.005662127781853753,12.0,0.08333333333333333,0.05,50.0,0.02,62.0,2.0,a,call
0.001837455230202757,12.0,0.08333333333333333,0.05,50.0,0.02,63.0,2.0,a,call
0.0009902541179857606,12.0,0.08333333333333333,0.05,50.0,0.02,64.0,2.0,a,call
0.0002613342713239084,12.0,0.08333333333333333,0.05,50.0,0.02,65.0,2.0,a,call
0.00012680157203891207,12.0,0.08333333333333333,0.05,50.0,0.02,66.0,2.0,a,call
2.4533940625141667e-05,12.0,0.08333333333333333,0.05,50.0,0.02,67.0,2.0,a,call
1.0800619712388166e-05,12.0,0.08333333333333333,0.05,50.0,0.02,68.0,2.0,a,call
1.1490465999226625e-06,12.0,0.08333333333333333,0.05,50.0,0.02,69.0,2.0,a,call
4.7278792716849654e-07,12.0,0.08333333333333333,0.05,50.0,0.02,70.0,2.0,a,call
0.0,12.0,0.08333333333333333,0.05,50.0,0.02,71.0,2.0,a,call
0.0,12.0,0.08333333333333333,0.05,50.0,0.02,72.0,2.0,a,call
0.0,12.0,0.08333333333333333,0.05,50.0,0.02,73.0,2.0,a,call
0.0,12.0,0.08333333333333333,0.05,50.0,0.02,74.0,2.0,a,call
0.0,12.0,0.08333333333333333,0.05,50.0,0.02,75.0,2.0,a,call
0.0,12.0,0.08333333333333333,0.05,50.0,0.02,76.0,2.0,a,call
0.0,12.0,0.08333333333333333,0.05,50.0,0.02,77.0,2.0,a,call
0.0,12.0,0.08333333333333333,0.05,50.0,0.02,78.0,2.0,a,call
0.0,12.0,0.08333333333333333,0.05,50.0,0.02,79.0,2.0,a,call
21.176344900522746,12.0,0.08333333333333333,0.1,50.0,0.02,30.0,2.0,a,call
20.21561440398101,12.0,0.08333333333333333,0.1,50.0,0.02,31.0,2.0,a,call
19.255031076790623,12.0,0.08333333333333333,0.1,50.0,0.02,32.0,2.0,a,call
18.294597826359375,12.0,0.08333333333333333,0.1,50.0,0.02,33.0,2.0,a,call
17.334971966575882,12.0,0.08333333333333333,0.1,50.0,0.02,34.0,2.0,a,call
16.37583543698709,12.0,0.08333333333333333,0.1,50.0,0.02,35.0,2.0,a,call
15.419560053784606,12.0,0.08333333333333333,0.1,50.0,0.02,36.0,2.0,a,call
14.464901885840057,12.0,0.08333333333333333,0.1,50.0,0.02,37.0,2.0,a,call
13.516990818822604,12.0,0.08333333333333333,0.1,50.0,0.02,38.0,2.0,a,call
12.574891907840708,12.0,0.08333333333333333,0.1,50.0,0.02,39.0,2.0,a,call
11.641834988756147,12.0,0.08333333333333333,0.1,50.0,0.02,40.0,2.0,a,call
10.728842793221423,12.0,0.08333333333333333,0.1,50.0,0.02,41.0,2.0,a,call
9.815850597686708,12.0,0.08333333333333333,0.1,50.0,0.02,42.0,2.0,a,call
8.956569110578808,12.0,0.08333333333333333,0.1,50.0,0.02,43.0,2.0,a,call
8.100010935720436,12.0,0.08333333333333333,0.1,50.0,0.02,44.0,2.0,a,call
7.285240896262653,12.0,0.08333333333333333,0.1,50.0,0.02,45.0,2.0,a,call
6.521004161771153,12.0,0.08333333333333333,0.1,50.0,0.02,46.0,2.0,a,call
5.756767427279651,12.0,0.08333333333333333,0.1,50.0,0.02,47.0,2.0,a,call
5.095688836307006,12.0,0.08333333333333333,0.1,50.0,0.02,48.0,2.0,a,call
4.459599042249252,12.0,0.08333333333333333,0.1,50.0,0.02,49.0,2.0,a,call
3.8235092481914967,12.0,0.08333333333333333,0.1,50.0,0.02,50.0,2.0,a,call
3.338824610997188,12.0,0.08333333333333333,0.1,50.0,0.02,51.0,2.0,a,call
2.8541399738028796,12.0,0.08333333333333333,0.1,50.0,0.02,52.0,2.0,a,call
2.3737670854641895,12.0,0.08333333333333333,0.1,50.0,0.02,53.0,2.0,a,call
2.0415048781673564,12.0,0.08333333333333333,0.1,50.0,0.02,54.0,2.0,a,call
1.7092426708705237,12.0,0.08333333333333333,0.1,50.0,0.02,55.0,2.0,a,call
1.376980463573692,12.0,0.08333333333333333,0.1,50.0,0.02,56.0,2.0,a,call
1.1596511265948346,12.0,0.08333333333333333,0.1,50.0,0.02,57.0,2.0,a,call
0.9580011509344832,12.0,0.08333333333333333,0.1,50.0,0.02,58.0,2.0,a,call
0.7563511752741323,12.0,0.08333333333333333,0.1,50.0,0.02,59.0,2.0,a,call
0.60640983084711,12.0,0.08333333333333333,0.1,50.0,0.02,60.0,2.0,a,call
0.4997247103865637,12.0,0.08333333333333333,0.1,50.0,0.02,61.0,2.0,a,call
0.3930395899260175,12.0,0.08333333333333333,0.1,50.0,0.02,62.0,2.0,a,call
0.28698428004610804,12.0,0.08333333333333333,0.1,50.0,0.02,63.0,2.0,a,call
0.23855718447376884,12.0,0.08333333333333333,0.1,50.0,0.02,64.0,2.0,a,call
0.19013008890142954,12.0,0.08333333333333333,0.1,50.0,0.02,65.0,2.0,a,call
0.14170299332909028,12.0,0.08333333333333333,0.1,50.0,0.02,66.0,2.0,a,call
0.10126200293252324,12.0,0.08333333333333333,0.1,50.0,0.02,67.0,2.0,a,call
0.08273462877714033,12.0,0.08333333333333333,0.1,50.0,0.02,68.0,2.0,a,call
0.06420725462175746,12.0,0.08333333333333333,0.1,50.0,0.02,69.0,2.0,a,call
0.04567988046637455,12.0,0.08333333333333333,0.1,50.0,0.02,70.0,2.0,a,call
0.03096801217258952,12.0,0.08333333333333333,0.1,50.0,0.02,71.0,2.0,a,call
0.02512191523189154,12.0,0.08333333333333333,0.1,50.0,0.02,72.0,2.0,a,call
0.019275818291193576,12.0,0.08333333333333333,0.1,50.0,0.02,73.0,2.0,a,call
0.013429721350495605,12.0,0.08333333333333333,0.1,50.0,0.02,74.0,2.0,a,call
0.008015693447981951,12.0,0.08333333333333333,0.1,50.0,0.02,75.0,2.0,a,call
0.006537076914614215,12.0,0.08333333333333333,0.1,50.0,0.02,76.0,2.0,a,call
0.005058460381246479,12.0,0.08333333333333333,0.1,50.0,0.02,77.0,2.0,a,call
0.003579843847878743,12.0,0.08333333333333333,0.1,50.0,0.02,78.0,2.0,a,call
0.0021012273145110064,12.0,0.08333333333333333,0.1,50.0,0.02,79.0,2.0,a,call
21.18621822142041,12.0,0.08333333333333333,0.15000000000000002,50.0,0.02,30.0,2.0,a,call
20.234179320525087,12.0,0.08333333333333333,0.15000000000000002,50.0,0.02,31.0,2.0,a,call
19.282140419629773,12.0,0.08333333333333333,0.15000000000000002,50.0,0.02,32.0,2.0,a,call
18.339653238019533,12.0,0.08333333333333333,0.15000000000000002,50.0,0.02,33.0,2.0,a,call
17.40430184785603,12.0,0.08333333333333333,0.15000000000000002,50.0,0.02,34.0,2.0,a,call
16.46895045769253,12.0,0.08333333333333333,0.15000000000000002,50.0,0.02,35.0,2.0,a,call
15.55703162329576,12.0,0.08333333333333333,0.15000000000000002,50.0,0.02,36.0,2.0,a,call
14.658357650084453,12.0,0.08333333333333333,0.15000000000000002,50.0,0.02,37.0,2.0,a,call
13.759683676873138,12.0,0.08333333333333333,0.15000000000000002,50.0,0.02,38.0,2.0,a,call
12.890683997603153,12.0,0.08333333333333333,0.15000000000000002,50.0,0.02,39.0,2.0,a,call
12.059451096499709,12.0,0.08333333333333333,0.15000000000000002,50.0,0.02,40.0,2.0,a,call
11.228218195396266,12.0,0.08333333333333333,0.15000000000000002,50.0,0.02,41.0,2.0,a,call
10.39698529429282,12.0,0.08333333333333333,0.15000000000000002,50.0,0.02,42.0,2.0,a,call
9.665335085205422,12.0,0.08333333333333333,0.15000000000000002,50.0,0.02,43.0,2.0,a,call
8.93873405109545,12.0,0.08333333333333333,0.15000000000000002,50.0,0.02,44.0,2.0,a,call
8.212133016985478,12.0,0.08333333333333333,0.15000000000000002,50.0,0.02,45.0,2.0,a,call
7.505906515671534,12.0,0.08333333333333333,0.15000000000000002,50.0,0.02,46.0,2.0,a,call
6.91704151605905,12.0,0.08333333333333333,0.15000000000000002,50.0,0.02,47.0,2.0,a,call
6.328176516446565,12.0,0.08333333333333333,0.15000000000000002,50.0,0.02,48.0,2.0,a,call
5.73931151683408,12.0,0.08333333333333333,0.15000000000000002,50.0,0.02,49.0,2.0,a,call
5.150446517221599,12.0,0.08333333333333333,0.15000000000000002,50.0,0.02,50.0,2.0,a,call
4.7159142095817845,12.0,0.08333333333333333,0.15000000000000002,50.0,0.02,51.0,2.0,a,call
4.2813819019419705,12.0,0.08333333333333333,0.15000000000000002,50.0,0.02,52.0,2.0,a,call
3.846849594302154,12.0,0.08333333333333333,0.15000000000000002,50.0,0.02,53.0,2.0,a,call
3.412317286662339,12.0,0.08333333333333333,0.15000000000000002,50.0,0.02,54.0,2.0,a,call
3.048046530271255,12.0,0.08333333333333333,0.15000000000000002,50.0,0.02,55.0,2.0,a,call
2.7608621649006735,12.0,0.08333333333333333,0.15000000000000002,50.0,0.02,56.0,2.0,a,call
2.473677799530091,12.0,0.08333333333333333,0.15000000000000002,50.0,0.02,57.0,2.0,a,call
2.1864934341595106,12.0,0.08333333333333333,0.15000000000000002,50.0,0.02,58.0,2.0,a,call
1.8993090687889285,12.0,0.08333333333333333,0.15000000000000002,50.0,0.02,59.0,2.0,a,call
1.6773261312256955,12.0,0.08333333333333333,0.15000000000000002,50.0,0.02,60.0,2.0,a,call
1.509886651822121,12.0,0.08333333333333333,0.15000000000000002,50.0,0.02,61.0,2.0,a,call
1.342447172418547,12.0,0.08333333333333333,0.15000000000000002,50.0,0.02,62.0,2.0,a,call
1.1750076930149729,12.0,0.08333333333333333,0.15000000000000002,50.0,0.02,63.0,2.0,a,call
1.0075682136113986,12.0,0.08333333333333333,0.15000000000000002,50.0,0.02,64.0,2.0,a,call
0.8538325785832773,12.0,0.08333333333333333,0.15000000000000002,50.0,0.02,65.0,2.0,a,call
0.7689615175702627,12.0,0.08333333333333333,0.15000000000000002,50.0,0.02,66.0,2.0,a,call
0.6840904565572481,12.0,0.08333333333333333,0.15000000000000002,50.0,0.02,67.0,2.0,a,call
0.5992193955442339,12.0,0.08333333333333333,0.15000000000000002,50.0,0.02,68.0,2.0,a,call
0.5143483345312194,12.0,0.08333333333333333,0.15000000000000002,50.0,0.02,69.0,2.0,a,call
0.42947727351820475,12.0,0.08333333333333333,0.15000000000000002,50.0,0.02,70.0,2.0,a,call
0.3590597406069368,12.0,0.08333333333333333,0.15000000000000002,50.0,0.02,71.0,2.0,a,call
0.32222666020174245,12.0,0.08333333333333333,0.15000000000000002,50.0,0.02,72.0,2.0,a,call
0.2853935797965482,12.0,0.08333333333333333,0.15000000000000002,50.0,0.02,73.0,2.0,a,call
0.24856049939135386,12.0,0.08333333333333333,0.15000000000000002,50.0,0.02,74.0,2.0,a,call
0.21172741898615946,12.0,0.08333333333333333,0.15000000000000002,50.0,0.02,75.0,2.0,a,call
0.17489433858096518,12.0,0.08333333333333333,0.15000000000000002,50.0,0.02,76.0,2.0,a,call
0.13806125817577083,12.0,0.08333333333333333,0.15000000000000002,50.0,0.02,77.0,2.0,a,call
0.12239342118550452,12.0,0.08333333333333333,0.15000000000000002,50.0,0.02,78.0,2.0,a,call
0.10894193171212192,12.0,0.08333333333333333,0.15000000000000002,50.0,0.02,79.0,2.0,a,call
21.279683451110554,12.0,0.08333333333333333,0.2,50.0,0.02,30.0,2.0,a,call
20.34959287088149,12.0,0.08333333333333333,0.2,50.0,0.02,31.0,2.0,a,call
19.440352928214853,12.0,0.08333333333333333,0.2,50.0,0.02,32.0,2.0,a,call
18.55237553840156,12.0,0.08333333333333333,0.2,50.0,0.02,33.0,2.0,a,call
17.664398148588262,12.0,0.08333333333333333,0.2,50.0,0.02,34.0,2.0,a,call
16.776420758774957,12.0,0.08333333333333333,0.2,50.0,0.02,35.0,2.0,a,call
15.936276682560873,12.0,0.08333333333333333,0.2,50.0,0.02,36.0,2.0,a,call
15.12316958878133,12.0,0.08333333333333333,0.2,50.0,0.02,37.0,2.0,a,call
14.310062495001787,12.0,0.08333333333333333,0.2,50.0,0.02,38.0,2.0,a,call
13.496955401222253,12.0,0.08333333333333333,0.2,50.0,0.02,39.0,2.0,a,call
12.718737077211081,12.0,0.08333333333333333,0.2,50.0,0.02,40.0,2.0,a,call
12.01793903053972,12.0,0.08333333333333333,0.2,50.0,0.02,41.0,2.0,a,call
11.317140983868363,12.0,0.08333333333333333,0.2,50.0,0.02,42.0,2.0,a,call
10.616342937197004,12.0,0.08333333333333333,0.2,50.0,0.02,43.0,2.0,a,call
9.91554489052564,12.0,0.08333333333333333,0.2,50.0,0.02,44.0,2.0,a,call
9.279448358533537,12.0,0.08333333333333333,0.2,50.0,0.02,45.0,2.0,a,call
8.721593684947488,12.0,0.08333333333333333,0.2,50.0,0.02,46.0,2.0,a,call
8.163739011361445,12.0,0.08333333333333333,0.2,50.0,0.02,47.0,2.0,a,call
7.6058843377754,12.0,0.08333333333333333,0.2,50.0,0.02,48.0,2.0,a,call
7.048029664189355,12.0,0.08333333333333333,0.2,50.0,0.02,49.0,2.0,a,call
6.490174990603319,12.0,0.08333333333333333,0.2,50.0,0.02,50.0,2.0,a,call
6.087180606030537,12.0,0.08333333333333333,0.2,50.0,0.02,51.0,2.0,a,call
5.684186221457754,12.0,0.08333333333333333,0.2,50.0,0.02,52.0,2.0,a,call
5.281191836884972,12.0,0.08333333333333333,0.2,50.0,0.02,53.0,2.0,a,call
4.878197452312189,12.0,0.08333333333333333,0.2,50.0,0.02,54.0,2.0,a,call
4.475203067739406,12.0,0.08333333333333333,0.2,50.0,0.02,55.0,2.0,a,call
4.072208683166621,12.0,0.08333333333333333,0.2,50.0,0.02,56.0,2.0,a,call
3.7950060880599232,12.0,0.08333333333333333,0.2,50.0,0.02,57.0,2.0,a,call
3.5349642487272845,12.0,0.08333333333333333,0.2,50.0,0.02,58.0,2.0,a,call
3.2749224093946476,12.0,0.08333333333333333,0.2,50.0,0.02,59.0,2.0,a,call
3.0148805700620094,12.0,0.08333333333333333,0.2,50.0,0.02,60.0,2.0,a,call
2.754838730729372,12.0,0.08333333333333333,0.2,50.0,0.02,61.0,2.0,a,call
2.494796891396734,12.0,0.08333333333333333,0.2,50.0,0.02,62.0,2.0,a,call
2.235969348360778,12.0,0.08333333333333333,0.2,50.0,0.02,63.0,2.0,a,call
2.0882509695224885,12.0,0.08333333333333333,0.2,50.0,0.02,64.0,2.0,a,call
1.940532590684199,12.0,0.08333333333333333,0.2,50.0,0.02,65.0,2.0,a,call
1.7928142118459092,12.0,0.08333333333333333,0.2,50.0,0.02,66.0,2.0,a,call
1.6450958330076197,12.0,0.08333333333333333,0.2,50.0,0.02,67.0,2.0,a,call
1.4973774541693303,12.0,0.08333333333333333,0.2,50.0,0.02,68.0,2.0,a,call
1.3496590753310411,12.0,0.08333333333333333,0.2,50.0,0.02,69.0,2.0,a,call
1.2019406964927517,12.0,0.08333333333333333,0.2,50.0,0.02,70.0,2.0,a,call
1.0767534115576127,12.0,0.08333333333333333,0.2,50.0,0.02,71.0,2.0,a,call
1.0039197421392612,12.0,0.08333333333333333,0.2,50.0,0.02,72.0,2.0,a,call
0.93108607272091,12.0,0.08333333333333333,0.2,50.0,0.02,73.0,2.0,a,call
0.8582524033025586,12.0,0.08333333333333333,0.2,50.0,0.02,74.0,2.0,a,call
0.7854187338842075,12.0,0.08333333333333333,0.2,50.0,0.02,75.0,2.0,a,call
0.7125850644658561,12.0,0.08333333333333333,0.2,50.0,0.02,76.0,2.0,a,call
0.6397513950475049,12.0,0.08333333333333333,0.2,50.0,0.02,77.0,2.0,a,call
0.5669177256291537,12.0,0.08333333333333333,0.2,50.0,0.02,78.0,2.0,a,call
0.49408405621080237,12.0,0.08333333333333333,0.2,50.0,0.02,79.0,2.0,a,call
21.523227427065063,12.0,0.08333333333333333,0.25,50.0,0.02,30.0,2.0,a,call
20.64440840450018,12.0,0.08333333333333333,0.25,50.0,0.02,31.0,2.0,a,call
19.7655893819353,12.0,0.08333333333333333,0.25,50.0,0.02,32.0,2.0,a,call
18.933006004373368,12.0,0.08333333333333333,0.25,50.0,0.02,33.0,2.0,a,call
18.134963834556356,12.0,0.08333333333333333,0.25,50.0,0.02,34.0,2.0,a,call
17.33692166473934,12.0,0.08333333333333333,0.25,50.0,0.02,35.0,2.0,a,call
16.538879494922316,12.0,0.08333333333333333,0.25,50.0,0.02,36.0,2.0,a,call
15.740837325105302,12.0,0.08333333333333333,0.25,50.0,0.02,37.0,2.0,a,call
15.006220146926097,12.0,0.08333333333333333,0.25,50.0,0.02,38.0,2.0,a,call
14.326239167602637,12.0,0.08333333333333333,0.25,50.0,0.02,39.0,2.0,a,call
13.646258188279177,12.0,0.08333333333333333,0.25,50.0,0.02,40.0,2.0,a,call
12.96627720895571,12.0,0.08333333333333333,0.25,50.0,0.02,41.0,2.0,a,call
12.286296229632248,12.0,0.08333333333333333,0.25,50.0,0.02,42.0,2.0,a,call
11.60631525030879,12.0,0.08333333333333333,0.25,50.0,0.02,43.0,2.0,a,call
11.031782578061042,12.0,0.08333333333333333,0.25,50.0,0.02,44.0,2.0,a,call
10.498211847932973,12.0,0.08333333333333333,0.25,50.0,0.02,45.0,2.0,a,call
9.9646411178049,12.0,0.08333333333333333,0.25,50.0,0.02,46.0,2.0,a,call
9.431070387676831,12.0,0.08333333333333333,0.25,50.0,0.02,47.0,2.0,a,call
8.897499657548757,12.0,0.08333333333333333,0.25,50.0,0.02,48.0,2.0,a,call
8.363928927420686,12.0,0.08333333333333333,0.25,50.0,0.02,49.0,2.0,a,call
7.830358197292618,12.0,0.08333333333333333,0.25,50.0,0.02,50.0,2.0,a,call
7.451335171063113,12.0,0.08333333333333333,0.25,50.0,0.02,51.0,2.0,a,call
7.072312144833617,12.0,0.08333333333333333,0.25,50.0,0.02,52.0,2.0,a,call
6.693289118604122,12.0,0.08333333333333333,0.25,50.0,0.02,53.0,2.0,a,call
6.314266092374624,12.0,0.08333333333333333,0.25,50.0,0.02,54.0,2.0,a,call
5.93524306614513,12.0,0.08333333333333333,0.25,50.0,0.02,55.0,2.0,a,call
5.556220039915636,12.0,0.08333333333333333,0.25,50.0,0.02,56.0,2.0,a,call
5.177197013686139,12.0,0.08333333333333333,0.25,50.0,0.02,57.0,2.0,a,call
4.8310206165039435,12.0,0.08333333333333333,0.25,50.0,0.02,58.0,2.0,a,call
4.591002270182427,12.0,0.08333333333333333,0.25,50.0,0.02,59.0,2.0,a,call
4.350983923860912,12.0,0.08333333333333333,0.25,50.0,0.02,60.0,2.0,a,call
4.110965577539395,12.0,0.08333333333333333,0.25,50.0,0.02,61.0,2.0,a,call
3.8709472312178783,12.0,0.08333333333333333,0.25,50.0,0.02,62.0,2.0,a,call
3.630928884896363,12.0,0.08333333333333333,0.25,50.0,0.02,63.0,2.0,a,call
3.390910538574847,12.0,0.08333333333333333,0.25,50.0,0.02,64.0,2.0,a,call
3.1508921922533313,12.0,0.08333333333333333,0.25,50.0,0.02,65.0,2.0,a,call
2.910873845931814,12.0,0.08333333333333333,0.25,50.0,0.02,66.0,2.0,a,call
2.699279874743401,12.0,0.08333333333333333,0.25,50.0,0.02,67.0,2.0,a,call
2.5656814764723235,12.0,0.08333333333333333,0.25,50.0,0.02,68.0,2.0,a,call
2.4320830782012437,12.0,0.08333333333333333,0.25,50.0,0.02,69.0,2.0,a,call
2.2984846799301666,12.0,0.08333333333333333,0.25,50.0,0.02,70.0,2.0,a,call
2.164886281659088,12.0,0.08333333333333333,0.25,50.0,0.02,71.0,2.0,a,call
2.0312878833880106,12.0,0.08333333333333333,0.25,50.0,0.02,72.0,2.0,a,call
1.8976894851169324,12.0,0.08333333333333333,0.25,50.0,0.02,73.0,2.0,a,call
1.7640910868458537,12.0,0.08333333333333333,0.25,50.0,0.02,74.0,2.0,a,call
1.630492688574776,12.0,0.08333333333333333,0.25,50.0,0.02,75.0,2.0,a,call
1.4968942903036981,12.0,0.08333333333333333,0.25,50.0,0.02,76.0,2.0,a,call
1.3632958920326195,12.0,0.08333333333333333,0.25,50.0,0.02,77.0,2.0,a,call
1.2922738057697474,12.0,0.08333333333333333,0.25,50.0,0.02,78.0,2.0,a,call
1.2278044839148414,12.0,0.08333333333333333,0.25,50.0,0.02,79.0,2.0,a,call
21.873020697247203,12.0,0.08333333333333333,0.3,50.0,0.02,30.0,2.0,a,call
21.088553541761204,12.0,0.08333333333333333,0.3,50.0,0.02,31.0,2.0,a,call
20.304086386275213,12.0,0.08333333333333333,0.3,50.0,0.02,32.0,2.0,a,call
19.519619230789218,12.0,0.08333333333333333,0.3,50.0,0.02,33.0,2.0,a,call
18.735152075303226,12.0,0.08333333333333333,0.3,50.0,0.02,34.0,2.0,a,call
17.95068491981723,12.0,0.08333333333333333,0.3,50.0,0.02,35.0,2.0,a,call
17.244672015004337,12.0,0.08333333333333333,0.3,50.0,0.02,36.0,2.0,a,call
16.583004066410393,12.0,0.08333333333333333,0.3,50.0,0.02,37.0,2.0,a,call
15.921336117816454,12.0,0.08333333333333333,0.3,50.0,0.02,38.0,2.0,a,call
15.259668169222511,12.0,0.08333333333333333,0.3,50.0,0.02,39.0,2.0,a,call
14.59800022062857,12.0,0.08333333333333333,0.3,50.0,0.02,40.0,2.0,a,call
13.936332272034631,12.0,0.08333333333333333,0.3,50.0,0.02,41.0,2.0,a,call
13.274664323440689,12.0,0.08333333333333333,0.3,50.0,0.02,42.0,2.0,a,call
12.754761141521634,12.0,0.08333333333333333,0.3,50.0,0.02,43.0,2.0,a,call
12.242045906605055,12.0,0.08333333333333333,0.3,50.0,0.02,44.0,2.0,a,call
11.729330671688478,12.0,0.08333333333333333,0.3,50.0,0.02,45.0,2.0,a,call
11.216615436771894,12.0,0.08333333333333333,0.3,50.0,0.02,46.0,2.0,a,call
10.703900201855317,12.0,0.08333333333333333,0.3,50.0,0.02,47.0,2.0,a,call
10.191184966938744,12.0,0.08333333333333333,0.3,50.0,0.02,48.0,2.0,a,call
9.678469732022164,12.0,0.08333333333333333,0.3,50.0,0.02,49.0,2.0,a,call
9.165754497105594,12.0,0.08333333333333333,0.3,50.0,0.02,50.0,2.0,a,call
8.80682923968337,12.0,0.08333333333333333,0.3,50.0,0.02,51.0,2.0,a,call
8.44790398226115,12.0,0.08333333333333333,0.3,50.0,0.02,52.0,2.0,a,call
8.088978724838933,12.0,0.08333333333333333,0.3,50.0,0.02,53.0,2.0,a,call
7.730053467416714,12.0,0.08333333333333333,0.3,50.0,0.02,54.0,2.0,a,call
7.371128209994496,12.0,0.08333333333333333,0.3,50.0,0.02,55.0,2.0,a,call
7.012202952572276,12.0,0.08333333333333333,0.3,50.0,0.02,56.0,2.0,a,call
6.653277695150059,12.0,0.08333333333333333,0.3,50.0,0.02,57.0,2.0,a,call
6.294352437727838,12.0,0.08333333333333333,0.3,50.0,0.02,58.0,2.0,a,call
5.935427180305619,12.0,0.08333333333333333,0.3,50.0,0.02,59.0,2.0,a,call
5.650170717842614,12.0,0.08333333333333333,0.3,50.0,0.02,60.0,2.0,a,call
5.4265409861224185,12.0,0.08333333333333333,0.3,50.0,0.02,61.0,2.0,a,call
5.202911254402223,12.0,0.08333333333333333,0.3,50.0,0.02,62.0,2.0,a,call
4.979281522682026,12.0,0.08333333333333333,0.3,50.0,0.02,63.0,2.0,a,call
4.755651790961835,12.0,0.08333333333333333,0.3,50.0,0.02,64.0,2.0,a,call
4.532022059241639,12.0,0.08333333333333333,0.3,50.0,0.02,65.0,2.0,a,call
4.308392327521443,12.0,0.08333333333333333,0.3,50.0,0.02,66.0,2.0,a,call
4.08476259580125,12.0,0.08333333333333333,0.3,50.0,0.02,67.0,2.0,a,call
3.861132864081052,12.0,0.08333333333333333,0.3,50.0,0.02,68.0,2.0,a,call
3.6375031323608567,12.0,0.08333333333333333,0.3,50.0,0.02,69.0,2.0,a,call
3.4138734006406626,12.0,0.08333333333333333,0.3,50.0,0.02,70.0,2.0,a,call
3.220726459328364,12.0,0.08333333333333333,0.3,50.0,0.02,71.0,2.0,a,call
3.0984098246027836,12.0,0.08333333333333333,0.3,50.0,0.02,72.0,2.0,a,call
2.976093189877201,12.0,0.08333333333333333,0.3,50.0,0.02,73.0,2.0,a,call
2.8537765551516197,12.0,0.08333333333333333,0.3,50.0,0.02,74.0,2.0,a,call
2.731459920426038,12.0,0.08333333333333333,0.3,50.0,0.02,75.0,2.0,a,call
2.609143285700456,12.0,0.08333333333333333,0.3,50.0,0.02,76.0,2.0,a,call
2.486826650974875,12.0,0.08333333333333333,0.3,50.0,0.02,77.0,2.0,a,call
2.364510016249293,12.0,0.08333333333333333,0.3,50.0,0.02,78.0,2.0,a,call
2.2421933815237116,12.0,0.08333333333333333,0.3,50.0,0.02,79.0,2.0,a,call
0.0,12.0,0.08333333333333333,0.05,50.0,0.02,30.0,2.0,a,put
0.0,12.0,0.08333333333333333,0.05,50.0,0.02,31.0,2.0,a,put
0.0,12.0,0.08333333333333333,0.05,50.0,0.02,32.0,2.0,a,put
0.0,12.0,0.08333333333333333,0.05,50.0,0.02,33.0,2.0,a,put
0.0,12.0,0.08333333333333333,0.05,50.0,0.02,34.0,2.0,a,put
0.0,12.0,0.08333333333333333,0.05,50.0,0.02,35.0,2.0,a,put
2.333710602971213e-09,12.0,0.08333333333333333,0.05,50.0,0.02,36.0,2.0,a,put
7.22262404985343e-08,12.0,0.08333333333333333,0.05,50.0,0.02,37.0,2.0,a,put
1.0386715223178262e-06,12.0,0.08333333333333333,0.05,50.0,0.02,38.0,2.0,a,put
9.210525827970978e-06,12.0,0.08333333333333333,0.05,50.0,0.02,39.0,2.0,a,put
5.6397102855460994e-05,12.0,0.08333333333333333,0.05,50.0,0.02,40.0,2.0,a,put
0.0002514820472783527,12.0,0.08333333333333333,0.05,50.0,0.02,41.0,2.0,a,put
0.0008974234803492405,12.0,0.08333333333333333,0.05,50.0,0.02,42.0,2.0,a,put
0.0033503193420362115,12.0,0.08333333333333333,0.05,50.0,0.02,43.0,2.0,a,put
0.010538907120161513,12.0,0.08333333333333333,0.05,50.0,0.02,44.0,2.0,a,put
0.027783986260503817,12.0,0.08333333333333333,0.05,50.0,0.02,45.0,2.0,a,put
0.06264785663186262,12.0,0.08333333333333333,0.05,50.0,0.02,46.0,2.0,a,put
0.1314460249328009,12.0,0.08333333333333333,0.05,50.0,0.02,47.0,2.0,a,put
0.2641255505709708,12.0,0.08333333333333333,0.05,50.0,0.02,48.0,2.0,a,put
0.479865539896605,12.0,0.08333333333333333,0.05,50.0,0.02,49.0,2.0,a,put
0.810266900954398,12.0,0.08333333333333333,0.05,50.0,0.02,50.0,2.0,a,put
1.3207225811823529,12.0,0.08333333333333333,0.05,50.0,0.02,51.0,2.0,a,put
2.0355857974894405,12.0,0.08333333333333333,0.05,50.0,0.02,52.0,2.0,a,put
3.0,12.0,0.08333333333333333,0.05,50.0,0.02,53.0,2.0,a,put
4.0,12.0,0.08333333333333333,0.05,50.0,0.02,54.0,2.0,a,put
5.0,12.0,0.08333333333333333,0.05,50.0,0.02,55.0,2.0,a,put
6.0,12.0,0.08333333333333333,0.05,50.0,0.02,56.0,2.0,a,put
7.0,12.0,0.08333333333333333,0.05,50.0,0.02,57.0,2.0,a,put
8.0,12.0,0.08333333333333333,0.05,50.0,0.02,58.0,2.0,a,put
9.0,12.0,0.08333333333333333,0.05,50.0,0.02,59.0,2.0,a,put
10.0,12.0,0.08333333333333333,0.05,50.0,0.02,60.0,2.0,a,put
11.0,12.0,0.08333333333333333,0.05,50.0,0.02,61.0,2.0,a,put
12.0,12.0,0.08333333333333333,0.05,50.0,0.02,62.0,2.0,a,put
13.0,12.0,0.08333333333333333,0.05,50.0,0.02,63.0,2.0,a,put
14.0,12.0,0.08333333333333333,0.05,50.0,0.02,64.0,2.0,a,put
15.0,12.0,0.08333333333333333,0.05,50.0,0.02,65.0,2.0,a,put
16.0,12.0,0.08333333333333333,0.05,50.0,0.02,66.0,2.0,a,put
17.0,12.0,0.08333333333333333,0.05,50.0,0.02,67.0,2.0,a,put
18.0,12.0,0.08333333333333333,0.05,50.0,0.02,68.0,2.0,a,put
19.0,12.0,0.08333333333333333,0.05,50.0,0.02,69.0,2.0,a,put
20.0,12.0,0.08333333333333333,0.05,50.0,0.02,70.0,2.0,a,put
21.0,12.0,0.08333333333333333,0.05,50.0,0.02,71.0,2.0,a,put
22.0,12.0,0.08333333333333333,0.05,50.0,0.02,72.0,2.0,a,put
23.0,12.0,0.08333333333333333,0.05,50.0,0.02,73.0,2.0,a,put
24.0,12.0,0.08333333333333333,0.05,50.0,0.02,74.0,2.0,a,put
25.0,12.0,0.08333333333333333,0.05,50.0,0.02,75.0,2.0,a,put
26.0,12.0,0.08333333333333333,0.05,50.0,0.02,76.0,2.0,a,put
27.0,12.0,0.08333333333333333,0.05,50.0,0.02,77.0,2.0,a,put
28.0,12.0,0.08333333333333333,0.05,50.0,0.02,78.0,2.0,a,put
29.0,12.0,0.08333333333333333,0.05,50.0,0.02,79.0,2.0,a,put
2.886887606484138e-05,12.0,0.08333333333333333,0.1,50.0,0.02,30.0,2.0,a,put
8.794569874025634e-05,12.0,0.08333333333333333,0.1,50.0,0.02,31.0,2.0,a,put
0.0003006133333816875,12.0,0.08333333333333333,0.1,50.0,0.02,32.0,2.0,a,put
0.0006596129805254375,12.0,0.08333333333333333,0.1,50.0,0.02,33.0,2.0,a,put
0.0018650184553500894,12.0,0.08333333333333333,0.1,50.0,0.02,34.0,2.0,a,put
0.0035426269167908382,12.0,0.08333333333333333,0.1,50.0,0.02,35.0,2.0,a,put
0.008260609627613809,12.0,0.08333333333333333,0.1,50.0,0.02,36.0,2.0,a,put
0.014521940183743667,12.0,0.08333333333333333,0.1,50.0,0.02,37.0,2.0,a,put
0.028198638958346445,12.0,0.08333333333333333,0.1,50.0,0.02,38.0,2.0,a,put
0.04732504200791498,12.0,0.08333333333333333,0.1,50.0,0.02,39.0,2.0,a,put
0.07777451641014675,12.0,0.08333333333333333,0.1,50.0,0.02,40.0,2.0,a,put
0.12666701983767983,12.0,0.08333333333333333,0.1,50.0,0.02,41.0,2.0,a,put
0.1812244085916385,12.0,0.08333333333333333,0.1,50.0,0.02,42.0,2.0,a,put
0.286398836589219,12.0,0.08333333333333333,0.1,50.0,0.02,43.0,2.0,a,put
0.3978079903630893,12.0,0.08333333333333333,0.1,50.0,0.02,44.0,2.0,a,put
0.5611371796532988,12.0,0.08333333333333333,0.1,50.0,0.02,45.0,2.0,a,put
0.7689963059837153,12.0,0.08333333333333333,0.1,50.0,0.02,46.0,2.0,a,put
0.9949922076380656,12.0,0.08333333333333333,0.1,50.0,0.02,47.0,2.0,a,put
1.3239829285893072,12.0,0.08333333333333333,0.1,50.0,0.02,48.0,2.0,a,put
1.682386037403602,12.0,0.08333333333333333,0.1,50.0,0.02,49.0,2.0,a,put
2.082903011791965,12.0,0.08333333333333333,0.1,50.0,0.02,50.0,2.0,a,put
2.6058784095334673,12.0,0.08333333333333333,0.1,50.0,0.02,51.0,2.0,a,put
3.156292127207811,12.0,0.08333333333333333,0.1,50.0,0.02,52.0,2.0,a,put
3.768581220603018,12.0,0.08333333333333333,0.1,50.0,0.02,53.0,2.0,a,put
4.493250677003965,12.0,0.08333333333333333,0.1,50.0,0.02,54.0,2.0,a,put
5.253839280121184,12.0,0.08333333333333333,0.1,50.0,0.02,55.0,2.0,a,put
6.096128680823298,12.0,0.08333333333333333,0.1,50.0,0.02,56.0,2.0,a,put
7.0,12.0,0.08333333333333333,0.1,50.0,0.02,57.0,2.0,a,put
8.0,12.0,0.08333333333333333,0.1,50.0,0.02,58.0,2.0,a,put
9.0,12.0,0.08333333333333333,0.1,50.0,0.02,59.0,2.0,a,put
10.0,12.0,0.08333333333333333,0.1,50.0,0.02,60.0,2.0,a,put
11.0,12.0,0.08333333333333333,0.1,50.0,0.02,61.0,2.0,a,put
12.0,12.0,0.08333333333333333,0.1,50.0,0.02,62.0,2.0,a,put
13.0,12.0,0.08333333333333333,0.1,50.0,0.02,63.0,2.0,a,put
14.0,12.0,0.08333333333333333,0.1,50.0,0.02,64.0,2.0,a,put
15.0,12.0,0.08333333333333333,0.1,50.0,0.02,65.0,2.0,a,put
16.0,12.0,0.08333333333333333,0.1,50.0,0.02,66.0,2.0,a,put
17.0,12.0,0.08333333333333333,0.1,50.0,0.02,67.0,2.0,a,put
18.0,12.0,0.08333333333333333,0.1,50.0,0.02,68.0,2.0,a,put
19.0,12.0,0.08333333333333333,0.1,50.0,0.02,69.0,2.0,a,put
20.0,12.0,0.08333333333333333,0.1,50.0,0.02,70.0,2.0,a,put
21.0,12.0,0.08333333333333333,0.1,50.0,0.02,71.0,2.0,a,put
22.0,12.0,0.08333333333333333,0.1,50.0,0.02,72.0,2.0,a,put
23.0,12.0,0.08333333333333333,0.1,50.0,0.02,73.0,2.0,a,put
24.0,12.0,0.08333333333333333,0.1,50.0,0.02,74.0,2.0,a,put
25.0,12.0,0.08333333333333333,0.1,50.0,0.02,75.0,2.0,a,put
26.0,12.0,0.08333333333333333,0.1,50.0,0.02,76.0,2.0,a,put
27.0,12.0,0.08333333333333333,0.1,50.0,0.02,77.0,2.0,a,put
28.0,12.0,0.08333333333333333,0.1,50.0,0.02,78.0,2.0,a,put
29.0,12.0,0.08333333333333333,0.1,50.0,0.02,79.0,2.0,a,put
0.010229280714507377,12.0,0.08333333333333333,0.15000000000000002,50.0,0.02,30.0,2.0,a,put
0.019004709607033463,12.0,0.08333333333333333,0.15000000000000002,50.0,0.02,31.0,2.0,a,put
0.027911694000863144,12.0,0.08333333333333333,0.15000000000000002,50.0,0.02,32.0,2.0,a,put
0.04712120906476625,12.0,0.08333333333333333,0.15000000000000002,50.0,0.02,33.0,2.0,a,put
0.07274206430701771,12.0,0.08333333333333333,0.15000000000000002,50.0,0.02,34.0,2.0,a,put
0.09896978916593506,12.0,0.08333333333333333,0.15000000000000002,50.0,0.02,35.0,2.0,a,put
0.15054320767893584,12.0,0.08333333333333333,0.15000000000000002,50.0,0.02,36.0,2.0,a,put
0.21336046073933332,12.0,0.08333333333333333,0.15000000000000002,50.0,0.02,37.0,2.0,a,put
0.27771317638484344,12.0,0.08333333333333333,0.15000000000000002,50.0,0.02,38.0,2.0,a,put
0.3769220371707788,12.0,0.08333333333333333,0.15000000000000002,50.0,0.02,39.0,2.0,a,put
0.508327808257436,12.0,0.08333333333333333,0.15000000000000002,50.0,0.02,40.0,2.0,a,put
0.6419938178516563,12.0,0.08333333333333333,0.15000000000000002,50.0,0.02,41.0,2.0,a,put
0.7880393750815259,12.0,0.08333333333333333,0.15000000000000002,50.0,0.02,42.0,2.0,a,put
1.0238090487639773,12.0,0.08333333333333333,0.15000000000000002,50.0,0.02,43.0,2.0,a,put
1.265243549516906,12.0,0.08333333333333333,0.15000000000000002,50.0,0.02,44.0,2.0,a,put
1.513379410075073,12.0,0.08333333333333333,0.15000000000000002,50.0,0.02,45.0,2.0,a,put
1.802864992489895,12.0,0.08333333333333333,0.15000000000000002,50.0,0.02,46.0,2.0,a,put
2.186184808687999,12.0,0.08333333333333333,0.15000000000000002,50.0,0.02,47.0,2.0,a,put
2.5765562935319286,12.0,0.08333333333333333,0.15000000000000002,50.0,0.02,48.0,2.0,a,put
2.9777186088246546,12.0,0.08333333333333333,0.15000000000000002,50.0,0.02,49.0,2.0,a,put
3.4127784712879303,12.0,0.08333333333333333,0.15000000000000002,50.0,0.02,50.0,2.0,a,put
3.9641700545072758,12.0,0.08333333333333333,0.15000000000000002,50.0,0.02,51.0,2.0,a,put
4.523343122684532,12.0,0.08333333333333333,0.15000000000000002,50.0,0.02,52.0,2.0,a,put
5.099968314207066,12.0,0.08333333333333333,0.15000000000000002,50.0,0.02,53.0,2.0,a,put
5.698303406632965,12.0,0.08333333333333333,0.15000000000000002,50.0,0.02,54.0,2.0,a,put
6.378107588354591,12.0,0.08333333333333333,0.15000000000000002,50.0,0.02,55.0,2.0,a,put
7.107983684682724,12.0,0.08333333333333333,0.15000000000000002,50.0,0.02,56.0,2.0,a,put
7.850457124488596,12.0,0.08333333333333333,0.15000000000000002,50.0,0.02,57.0,2.0,a,put
8.621185500422618,12.0,0.08333333333333333,0.15000000000000002,50.0,0.02,58.0,2.0,a,put
9.419791087014392,12.0,0.08333333333333333,0.15000000000000002,50.0,0.02,59.0,2.0,a,put
10.272246793272972,12.0,0.08333333333333333,0.15000000000000002,50.0,0.02,60.0,2.0,a,put
11.172105884268833,12.0,0.08333333333333333,0.15000000000000002,50.0,0.02,61.0,2.0,a,put
12.084302926907833,12.0,0.08333333333333333,0.15000000000000002,50.0,0.02,62.0,2.0,a,put
13.010947411050196,12.0,0.08333333333333333,0.15000000000000002,50.0,0.02,63.0,2.0,a,put
14.0,12.0,0.08333333333333333,0.15000000000000002,50.0,0.02,64.0,2.0,a,put
15.0,12.0,0.08333333333333333,0.15000000000000002,50.0,0.02,65.0,2.0,a,put
16.0,12.0,0.08333333333333333,0.15000000000000002,50.0,0.02,66.0,2.0,a,put
17.0,12.0,0.08333333333333333,0.15000000000000002,50.0,0.02,67.0,2.0,a,put
18.0,12.0,0.08333333333333333,0.15000000000000002,50.0,0.02,68.0,2.0,a,put
19.0,12.0,0.08333333333333333,0.15000000000000002,50.0,0.02,69.0,2.0,a,put
20.0,12.0,0.08333333333333333,0.15000000000000002,50.0,0.02,70.0,2.0,a,put
21.0,12.0,0.08333333333333333,0.15000000000000002,50.0,0.02,71.0,2.0,a,put
22.0,12.0,0.08333333333333333,0.15000000000000002,50.0,0.02,72.0,2.0,a,put
23.0,12.0,0.08333333333333333,0.15000000000000002,50.0,0.02,73.0,2.0,a,put
24.0,12.0,0.08333333333333333,0.15000000000000002,50.0,0.02,74.0,2.0,a,put
25.0,12.0,0.08333333333333333,0.15000000000000002,50.0,0.02,75.0,2.0,a,put
26.0,12.0,0.08333333333333333,0.15000000000000002,50.0,0.02,76.0,2.0,a,put
27.0,12.0,0.08333333333333333,0.15000000000000002,50.0,0.02,77.0,2.0,a,put
28.0,12.0,0.08333333333333333,0.15000000000000002,50.0,0.02,78.0,2.0,a,put
29.0,12.0,0.08333333333333333,0.15000000000000002,50.0,0.02,79.0,2.0,a,put
0.10502563946193079,12.0,0.08333333333333333,0.2,50.0,0.02,30.0,2.0,a,put
0.1363692449321245,12.0,0.08333333333333333,0.2,50.0,0.02,31.0,2.0,a,put
0.1907950115642864,12.0,0.08333333333333333,0.2,50.0,0.02,32.0,2.0,a,put
0.2640782397981631,12.0,0.08333333333333333,0.2,50.0,0.02,33.0,2.0,a,put
0.3377661980888918,12.0,0.08333333333333333,0.2,50.0,0.02,34.0,2.0,a,put
0.4133823301796917,12.0,0.08333333333333333,0.2,50.0,0.02,35.0,2.0,a,put
0.5406942880837895,12.0,0.08333333333333333,0.2,50.0,0.02,36.0,2.0,a,put
0.6899472539940684,12.0,0.08333333333333333,0.2,50.0,0.02,37.0,2.0,a,put
0.8401214116921177,12.0,0.08333333333333333,0.2,50.0,0.02,38.0,2.0,a,put
0.9936368124812833,12.0,0.08333333333333333,0.2,50.0,0.02,39.0,2.0,a,put
1.1926753975325795,12.0,0.08333333333333333,0.2,50.0,0.02,40.0,2.0,a,put
1.4563732079907399,12.0,0.08333333333333333,0.2,50.0,0.02,41.0,2.0,a,put
1.721310751281565,12.0,0.08333333333333333,0.2,50.0,0.02,42.0,2.0,a,put
1.9900379996141624,12.0,0.08333333333333333,0.2,50.0,0.02,43.0,2.0,a,put
2.2664291579463245,12.0,0.08333333333333333,0.2,50.0,0.02,44.0,2.0,a,put
2.6192949870259747,12.0,0.08333333333333333,0.2,50.0,0.02,45.0,2.0,a,put
3.0315487210578067,12.0,0.08333333333333333,0.2,50.0,0.02,46.0,2.0,a,put
3.4459986536190685,12.0,0.08333333333333333,0.2,50.0,0.02,47.0,2.0,a,put
3.866388404528673,12.0,0.08333333333333333,0.2,50.0,0.02,48.0,2.0,a,put
4.296269031557507,12.0,0.08333333333333333,0.2,50.0,0.02,49.0,2.0,a,put
4.755266607808747,12.0,0.08333333333333333,0.2,50.0,0.02,50.0,2.0,a,put
5.3299934509944755,12.0,0.08333333333333333,0.2,50.0,0.02,51.0,2.0,a,put
5.91044892466233,12.0,0.08333333333333333,0.2,50.0,0.02,52.0,2.0,a,put
6.495017697441602,12.0,0.08333333333333333,0.2,50.0,0.02,53.0,2.0,a,put
7.089038891394726,12.0,0.08333333333333333,0.2,50.0,0.02,54.0,2.0,a,put
7.696644353033887,12.0,0.08333333333333333,0.2,50.0,0.02,55.0,2.0,a,put
8.331391000931754,12.0,0.08333333333333333,0.2,50.0,0.02,56.0,2.0,a,put
9.057415492813611,12.0,0.08333333333333333,0.2,50.0,0.02,57.0,2.0,a,put
9.79708499064178,12.0,0.08333333333333333,0.2,50.0,0.02,58.0,2.0,a,put
10.546350385107827,12.0,0.08333333333333333,0.2,50.0,0.02,59.0,2.0,a,put
11.304656494088292,12.0,0.08333333333333333,0.2,50.0,0.02,60.0,2.0,a,put
12.073478401864218,12.0,0.08333333333333333,0.2,50.0,0.02,61.0,2.0,a,put
12.861067053130007,12.0,0.08333333333333333,0.2,50.0,0.02,62.0,2.0,a,put
13.681739299368969,12.0,0.08333333333333333,0.2,50.0,0.02,63.0,2.0,a,put
14.55432773731456,12.0,0.08333333333333333,0.2,50.0,0.02,64.0,2.0,a,put
15.432297954768297,12.0,0.08333333333333333,0.2,50.0,0.02,65.0,2.0,a,put
16.31957783211615,12.0,0.08333333333333333,0.2,50.0,0.02,66.0,2.0,a,put
17.228745616717166,12.0,0.08333333333333333,0.2,50.0,0.02,67.0,2.0,a,put
18.151182816599032,12.0,0.08333333333333333,0.2,50.0,0.02,68.0,2.0,a,put
19.078808583103175,12.0,0.08333333333333333,0.2,50.0,0.02,69.0,2.0,a,put
20.01927460349755,12.0,0.08333333333333333,0.2,50.0,0.02,70.0,2.0,a,put
21.0,12.0,0.08333333333333333,0.2,50.0,0.02,71.0,2.0,a,put
22.0,12.0,0.08333333333333333,0.2,50.0,0.02,72.0,2.0,a,put
23.0,12.0,0.08333333333333333,0.2,50.0,0.02,73.0,2.0,a,put
24.0,12.0,0.08333333333333333,0.2,50.0,0.02,74.0,2.0,a,put
25.0,12.0,0.08333333333333333,0.2,50.0,0.02,75.0,2.0,a,put
26.0,12.0,0.08333333333333333,0.2,50.0,0.02,76.0,2.0,a,put
27.0,12.0,0.08333333333333333,0.2,50.0,0.02,77.0,2.0,a,put
28.0,12.0,0.08333333333333333,0.2,50.0,0.02,78.0,2.0,a,put
29.0,12.0,0.08333333333333333,0.2,50.0,0.02,79.0,2.0,a,put
0.3527536151863774,12.0,0.08333333333333333,0.25,50.0,0.02,30.0,2.0,a,put
0.4355123172920455,12.0,0.08333333333333333,0.25,50.0,0.02,31.0,2.0,a,put
0.5200042672103254,12.0,0.08333333333333333,0.25,50.0,0.02,32.0,2.0,a,put
0.655127082494744,12.0,0.08333333333333333,0.25,50.0,0.02,33.0,2.0,a,put
0.8190202372825147,12.0,0.08333333333333333,0.25,50.0,0.02,34.0,2.0,a,put
0.983458662311391,12.0,0.08333333333333333,0.25,50.0,0.02,35.0,2.0,a,put
1.1492063943034738,12.0,0.08333333333333333,0.25,50.0,0.02,36.0,2.0,a,put
1.3189194292087947,12.0,0.08333333333333333,0.25,50.0,0.02,37.0,2.0,a,put
1.5595860736037972,12.0,0.08333333333333333,0.25,50.0,0.02,38.0,2.0,a,put
1.843277008322817,12.0,0.08333333333333333,0.25,50.0,0.02,39.0,2.0,a,put
2.128450851422291,12.0,0.08333333333333333,0.25,50.0,0.02,40.0,2.0,a,put
2.4146956399460247,12.0,0.08333333333333333,0.25,50.0,0.02,41.0,2.0,a,put
2.705220041060789,12.0,0.08333333333333333,0.25,50.0,0.02,42.0,2.0,a,put
3.0071122140913658,12.0,0.08333333333333333,0.25,50.0,0.02,43.0,2.0,a,put
3.4134100845382447,12.0,0.08333333333333333,0.25,50.0,0.02,44.0,2.0,a,put
3.84790602809021,12.0,0.08333333333333333,0.25,50.0,0.02,45.0,2.0,a,put
4.2849838270235665,12.0,0.08333333333333333,0.25,50.0,0.02,46.0,2.0,a,put
4.723608722875621,12.0,0.08333333333333333,0.25,50.0,0.02,47.0,2.0,a,put
5.168083200728819,12.0,0.08333333333333333,0.25,50.0,0.02,48.0,2.0,a,put
5.619584845304852,12.0,0.08333333333333333,0.25,50.0,0.02,49.0,2.0,a,put
6.100263931565559,12.0,0.08333333333333333,0.25,50.0,0.02,50.0,2.0,a,put
6.695027396327672,12.0,0.08333333333333333,0.25,50.0,0.02,51.0,2.0,a,put
7.292475193900887,12.0,0.08333333333333333,0.25,50.0,0.02,52.0,2.0,a,put
7.894024736778993,12.0,0.08333333333333333,0.25,50.0,0.02,53.0,2.0,a,put
8.49892704994736,12.0,0.08333333333333333,0.25,50.0,0.02,54.0,2.0,a,put
9.109595760915333,12.0,0.08333333333333333,0.25,50.0,0.02,55.0,2.0,a,put
9.728395653871127,12.0,0.08333333333333333,0.25,50.0,0.02,56.0,2.0,a,put
10.360463263482485,12.0,0.08333333333333333,0.25,50.0,0.02,57.0,2.0,a,put
11.042935348730106,12.0,0.08333333333333333,0.25,50.0,0.02,58.0,2.0,a,put
11.790855528623874,12.0,0.08333333333333333,0.25,50.0,0.02,59.0,2.0,a,put
12.541549788213606,12.0,0.08333333333333333,0.25,50.0,0.02,60.0,2.0,a,put
13.296460400540019,12.0,0.08333333333333333,0.25,50.0,0.02,61.0,2.0,a,put
14.057536362756915,12.0,0.08333333333333333,0.25,50.0,0.02,62.0,2.0,a,put
14.826059148307028,12.0,0.08333333333333333,0.25,50.0,0.02,63.0,2.0,a,put
15.604143590058847,12.0,0.08333333333333333,0.25,50.0,0.02,64.0,2.0,a,put
16.388962788189584,12.0,0.08333333333333333,0.25,50.0,0.02,65.0,2.0,a,put
17.187356294974084,12.0,0.08333333333333333,0.25,50.0,0.02,66.0,2.0,a,put
18.02283315398695,12.0,0.08333333333333333,0.25,50.0,0.02,67.0,2.0,a,put
18.898508473922636,12.0,0.08333333333333333,0.25,50.0,0.02,68.0,2.0,a,put
19.780397437822263,12.0,0.08333333333333333,0.25,50.0,0.02,69.0,2.0,a,put
20.665247567543098,12.0,0.08333333333333333,0.25,50.0,0.02,70.0,2.0,a,put
21.55392198128405,12.0,0.08333333333333333,0.25,50.0,0.02,71.0,2.0,a,put
22.447119964237732,12.0,0.08333333333333333,0.25,50.0,0.02,72.0,2.0,a,put
23.34978947844882,12.0,0.08333333333333333,0.25,50.0,0.02,73.0,2.0,a,put
24.270117031485754,12.0,0.08333333333333333,0.25,50.0,0.02,74.0,2.0,a,put
25.200609534865045,12.0,0.08333333333333333,0.25,50.0,0.02,75.0,2.0,a,put
26.135673730965898,12.0,0.08333333333333333,0.25,50.0,0.02,76.0,2.0,a,put
27.079188997456427,12.0,0.08333333333333333,0.25,50.0,0.02,77.0,2.0,a,put
28.04071741967559,12.0,0.08333333333333333,0.25,50.0,0.02,78.0,2.0,a,put
29.009879533595914,12.0,0.08333333333333333,0.25,50.0,0.02,79.0,2.0,a,put
0.7125309231575915,12.0,0.08333333333333333,0.3,50.0,0.02,30.0,2.0,a,put
0.8897079991936883,12.0,0.08333333333333333,0.3,50.0,0.02,31.0,2.0,a,put
1.067279827072628,12.0,0.08333333333333333,0.3,50.0,0.02,32.0,2.0,a,put
1.2453780239441665,12.0,0.08333333333333333,0.3,50.0,0.02,33.0,2.0,a,put
1.4248855914883445,12.0,0.08333333333333333,0.3,50.0,0.02,34.0,2.0,a,put
1.608578608669527,12.0,0.08333333333333333,0.3,50.0,0.02,35.0,2.0,a,put
1.8769911896206304,12.0,0.08333333333333333,0.3,50.0,0.02,36.0,2.0,a,put
2.1785487623214945,12.0,0.08333333333333333,0.3,50.0,0.02,37.0,2.0,a,put
2.4810804431153146,12.0,0.08333333333333333,0.3,50.0,0.02,38.0,2.0,a,put
2.784796256583847,12.0,0.08333333333333333,0.3,50.0,0.02,39.0,2.0,a,put
3.0900446030858872,12.0,0.08333333333333333,0.3,50.0,0.02,40.0,2.0,a,put
3.3993326042165375,12.0,0.08333333333333333,0.3,50.0,0.02,41.0,2.0,a,put
3.728410240242576,12.0,0.08333333333333333,0.3,50.0,0.02,42.0,2.0,a,put
4.178181785895441,12.0,0.08333333333333333,0.3,50.0,0.02,43.0,2.0,a,put
4.632230219545702,12.0,0.08333333333333333,0.3,50.0,0.02,44.0,2.0,a,put
5.088013457788246,12.0,0.08333333333333333,0.3,50.0,0.02,45.0,2.0,a,put
5.546085152664912,12.0,0.08333333333333333,0.3,50.0,0.02,46.0,2.0,a,put
6.005384895506912,12.0,0.08333333333333333,0.3,50.0,0.02,47.0,2.0,a,put
6.470605309499672,12.0,0.08333333333333333,0.3,50.0,0.02,48.0,2.0,a,put
6.941796773630624,12.0,0.08333333333333333,0.3,50.0,0.02,49.0,2.0,a,put
7.440595348374101,12.0,0.08333333333333333,0.3,50.0,0.02,50.0,2.0,a,put
8.05435831255367,12.0,0.08333333333333333,0.3,50.0,0.02,51.0,2.0,a,put
8.668483621718659,12.0,0.08333333333333333,0.3,50.0,0.02,52.0,2.0,a,put
9.285267777037875,12.0,0.08333333333333333,0.3,50.0,0.02,53.0,2.0,a,put
9.90480802685352,12.0,0.08333333333333333,0.3,50.0,0.02,54.0,2.0,a,put
10.52762589621859,12.0,0.08333333333333333,0.3,50.0,0.02,55.0,2.0,a,put
11.152938384686669,12.0,0.08333333333333333,0.3,50.0,0.02,56.0,2.0,a,put
11.786171052469893,12.0,0.08333333333333333,0.3,50.0,0.02,57.0,2.0,a,put
12.424235562484345,12.0,0.08333333333333333,0.3,50.0,0.02,58.0,2.0,a,put
13.078928365523641,12.0,0.08333333333333333,0.3,50.0,0.02,59.0,2.0,a,put
13.804822199963773,12.0,0.08333333333333333,0.3,50.0,0.02,60.0,2.0,a,put
14.564914457875174,12.0,0.08333333333333333,0.3,50.0,0.02,61.0,2.0,a,put
15.32759860979435,12.0,0.08333333333333333,0.3,50.0,0.02,62.0,2.0,a,put
16.093256772092186,12.0,0.08333333333333333,0.3,50.0,0.02,63.0,2.0,a,put
16.86172572273895,12.0,0.08333333333333333,0.3,50.0,0.02,64.0,2.0,a,put
17.633359945480148,12.0,0.08333333333333333,0.3,50.0,0.02,65.0,2.0,a,put
18.409286750449823,12.0,0.08333333333333333,0.3,50.0,0.02,66.0,2.0,a,put
19.191767264206103,12.0,0.08333333333333333,0.3,50.0,0.02,67.0,2.0,a,put
19.98303694136403,12.0,0.08333333333333333,0.3,50.0,0.02,68.0,2.0,a,put
20.780001135327005,12.0,0.08333333333333333,0.3,50.0,0.02,69.0,2.0,a,put
21.58787536519869,12.0,0.08333333333333333,0.3,50.0,0.02,70.0,2.0,a,put
22.430143378555165,12.0,0.08333333333333333,0.3,50.0,0.02,71.0,2.0,a,put
23.306545528046556,12.0,0.08333333333333333,0.3,50.0,0.02,72.0,2.0,a,put
24.185430790693808,12.0,0.08333333333333333,0.3,50.0,0.02,73.0,2.0,a,put
25.068528278301976,12.0,0.08333333333333333,0.3,50.0,0.02,74.0,2.0,a,put
25.959450005452535,12.0,0.08333333333333333,0.3,50.0,0.02,75.0,2.0,a,put
26.852486582064014,12.0,0.08333333333333333,0.3,50.0,0.02,76.0,2.0,a,put
27.746970819915383,12.0,0.08333333333333333,0.3,50.0,0.02,77.0,2.0,a,put
28.645617938681173,12.0,0.08333333333333333,0.3,50.0,0.02,78.0,2.0,a,put
29.54659053718658,12.0,0.08333333333333333,0.3,50.0,0.02,79.0,2.0,a,put
21.176316825430213,12.0,0.08333333333333333,0.05,50.0,0.02,30.0,2.0,e,call
20.21552738627789,12.0,0.08333333333333333,0.05,50.0,0.02,31.0,2.0,e,call
19.254737947125566,12.0,0.08333333333333333,0.05,50.0,0.02,32.0,2.0,e,call
18.29394850797324,12.0,0.08333333333333333,0.05,50.0,0.02,33.0,2.0,e,call
17.333159068820915,12.0,0.08333333333333333,0.05,50.0,0.02,34.0,2.0,e,call
16.37236962966859,12.0,0.08333333333333333,0.05,50.0,0.02,35.0,2.0,e,call
15.411580192849982,12.0,0.08333333333333333,0.05,50.0,0.02,36.0,2.0,e,call
14.450790823084512,12.0,0.08333333333333333,0.05,50.0,0.02,37.0,2.0,e,call
13.490002333403456,12.0,0.08333333333333333,0.05,50.0,0.02,38.0,2.0,e,call
12.529220812424876,12.0,0.08333333333333333,0.05,50.0,0.02,39.0,2.0,e,call
11.568476029104739,12.0,0.08333333333333333,0.05,50.0,0.02,40.0,2.0,e,call
10.60786341311389,12.0,0.08333333333333333,0.05,50.0,0.02,41.0,2.0,e,call
9.647643240270385,12.0,0.08333333333333333,0.05,50.0,0.02,42.0,2.0,e,call
8.68914910328941,12.0,0.08333333333333333,0.05,50.0,0.02,43.0,2.0,e,call
7.734917430752254,12.0,0.08333333333333333,0.05,50.0,0.02,44.0,2.0,e,call
6.789238140997643,12.0,0.08333333333333333,0.05,50.0,0.02,45.0,2.0,e,call
5.856944994062192,12.0,0.08333333333333333,0.05,50.0,0.02,46.0,2.0,e,call
4.953482516674761,12.0,0.08333333333333333,0.05,50.0,0.02,47.0,2.0,e,call
4.100805780585526,12.0,0.08333333333333333,0.05,50.0,0.02,48.0,2.0,e,call
3.3026237661470255,12.0,0.08333333333333333,0.05,50.0,0.02,49.0,2.0,e,call
2.5620561353256863,12.0,0.08333333333333333,0.05,50.0,0.02,50.0,2.0,e,call
1.9558891043908548,12.0,0.08333333333333333,0.05,50.0,0.02,51.0,2.0,e,call
1.4323162488228227,12.0,0.08333333333333333,0.05,50.0,0.02,52.0,2.0,e,call
0.9846216057766994,12.0,0.08333333333333333,0.05,50.0,0.02,53.0,2.0,e,call
0.6832789011250534,12.0,0.08333333333333333,0.05,50.0,0.02,54.0,2.0,e,call
0.4414505877248036,12.0,0.08333333333333333,0.05,50.0,0.02,55.0,2.0,e,call
0.26491758241007224,12.0,0.08333333333333333,0.05,50.0,0.02,56.0,2.0,e,call
0.16517549908628876,12.0,0.08333333333333333,0.05,50.0,0.02,57.0,2.0,e,call
0.08797169137459392,12.0,0.08333333333333333,0.05,50.0,0.02,58.0,2.0,e,call
0.0497524469725876,12.0,0.08333333333333333,0.05,50.0,0.02,59.0,2.0,e,call
0.02496930918890729,12.0,0.08333333333333333,0.05,50.0,0.02,60.0,2.0,e,call
0.011425982308306559,12.0,0.08333333333333333,0.05,50.0,0.02,61.0,2.0,e,call
0.005662127781853753,12.0,0.08333333333333333,0.05,50.0,0.02,62.0,2.0,e,call
0.001837455230202757,12.0,0.08333333333333333,0.05,50.0,0.02,63.0,2.0,e,call
0.0009902541179857606,12.0,0.08333333333333333,0.05,50.0,0.02,64.0,2.0,e,call
0.0002613342713239084,12.0,0.08333333333333333,0.05,50.0,0.02,65.0,2.0,e,call
0.00012680157203891207,12.0,0.08333333333333333,0.05,50.0,0.02,66.0,2.0,e,call
2.4533940625141667e-05,12.0,0.08333333333333333,0.05,50.0,0.02,67.0,2.0,e,call
1.0800619712388166e-05,12.0,0.08333333333333333,0.05,50.0,0.02,68.0,2.0,e,call
1.1490465999226625e-06,12.0,0.08333333333333333,0.05,50.0,0.02,69.0,2.0,e,call
4.7278792716849654e-07,12.0,0.08333333333333333,0.05,50.0,0.02,70.0,2.0,e,call
0.0,12.0,0.08333333333333333,0.05,50.0,0.02,71.0,2.0,e,call
0.0,12.0,0.08333333333333333,0.05,50.0,0.02,72.0,2.0,e,call
0.0,12.0,0.08333333333333333,0.05,50.0,0.02,73.0,2.0,e,call
0.0,12.0,0.08333333333333333,0.05,50.0,0.02,74.0,2.0,e,call
0.0,12.0,0.08333333333333333,0.05,50.0,0.02,75.0,2.0,e,call
0.0,12.0,0.08333333333333333,0.05,50.0,0.02,76.0,2.0,e,call
0.0,12.0,0.08333333333333333,0.05,50.0,0.02,77.0,2.0,e,call
0.0,12.0,0.08333333333333333,0.05,50.0,0.02,78.0,2.0,e,call
0.0,12.0,0.08333333333333333,0.05,50.0,0.02,79.0,2.0,e,call
21.176344900522746,12.0,0.08333333333333333,0.1,50.0,0.02,30.0,2.0,e,call
20.21561440398101,12.0,0.08333333333333333,0.1,50.0,0.02,31.0,2.0,e,call
19.255031076790623,12.0,0.08333333333333333,0.1,50.0,0.02,32.0,2.0,e,call
18.294597826359375,12.0,0.08333333333333333,0.1,50.0,0.02,33.0,2.0,e,call
17.334971966575882,12.0,0.08333333333333333,0.1,50.0,0.02,34.0,2.0,e,call
16.37583543698709,12.0,0.08333333333333333,0.1,50.0,0.02,35.0,2.0,e,call
15.419560053784606,12.0,0.08333333333333333,0.1,50.0,0.02,36.0,2.0,e,call
14.464901885840057,12.0,0.08333333333333333,0.1,50.0,0.02,37.0,2.0,e,call
13.516990818822604,12.0,0.08333333333333333,0.1,50.0,0.02,38.0,2.0,e,call
12.574891907840708,12.0,0.08333333333333333,0.1,50.0,0.02,39.0,2.0,e,call
11.641834988756147,12.0,0.08333333333333333,0.1,50.0,0.02,40.0,2.0,e,call
10.728842793221423,12.0,0.08333333333333333,0.1,50.0,0.02,41.0,2.0,e,call
9.815850597686708,12.0,0.08333333333333333,0.1,50.0,0.02,42.0,2.0,e,call
8.956569110578808,12.0,0.08333333333333333,0.1,50.0,0.02,43.0,2.0,e,call
8.100010935720436,12.0,0.08333333333333333,0.1,50.0,0.02,44.0,2.0,e,call
7.285240896262653,12.0,0.08333333333333333,0.1,50.0,0.02,45.0,2.0,e,call
6.521004161771153,12.0,0.08333333333333333,0.1,50.0,0.02,46.0,2.0,e,call
5.756767427279651,12.0,0.08333333333333333,0.1,50.0,0.02,47.0,2.0,e,call
5.095688836307006,12.0,0.08333333333333333,0.1,50.0,0.02,48.0,2.0,e,call
4.459599042249252,12.0,0.08333333333333333,0.1,50.0,0.02,49.0,2.0,e,call
3.8235092481914967,12.0,0.08333333333333333,0.1,50.0,0.02,50.0,2.0,e,call
3.338824610997188,12.0,0.08333333333333333,0.1,50.0,0.02,51.0,2.0,e,call
2.8541399738028796,12.0,0.08333333333333333,0.1,50.0,0.02,52.0,2.0,e,call
2.3737670854641895,12.0,0.08333333333333333,0.1,50.0,0.02,53.0,2.0,e,call
2.0415048781673564,12.0,0.08333333333333333,0.1,50.0,0.02,54.0,2.0,e,call
1.7092426708705237,12.0,0.08333333333333333,0.1,50.0,0.02,55.0,2.0,e,call
1.376980463573692,12.0,0.08333333333333333,0.1,50.0,0.02,56.0,2.0,e,call
1.1596511265948346,12.0,0.08333333333333333,0.1,50.0,0.02,57.0,2.0,e,call
0.9580011509344832,12.0,0.08333333333333333,0.1,50.0,0.02,58.0,2.0,e,call
0.7563511752741323,12.0,0.08333333333333333,0.1,50.0,0.02,59.0,2.0,e,call
0.60640983084711,12.0,0.08333333333333333,0.1,50.0,0.02,60.0,2.0,e,call
0.4997247103865637,12.0,0.08333333333333333,0.1,50.0,0.02,61.0,2.0,e,call
0.3930395899260175,12.0,0.08333333333333333,0.1,50.0,0.02,62.0,2.0,e,call
0.28698428004610804,12.0,0.08333333333333333,0.1,50.0,0.02,63.0,2.0,e,call
0.23855718447376884,12.0,0.08333333333333333,0.1,50.0,0.02,64.0,2.0,e,call
0.19013008890142954,12.0,0.08333333333333333,0.1,50.0,0.02,65.0,2.0,e,call
0.14170299332909028,12.0,0.08333333333333333,0.1,50.0,0.02,66.0,2.0,e,call
0.10126200293252324,12.0,0.08333333333333333,0.1,50.0,0.02,67.0,2.0,e,call
0.08273462877714033,12.0,0.08333333333333333,0.1,50.0,0.02,68.0,2.0,e,call
0.06420725462175746,12.0,0.08333333333333333,0.1,50.0,0.02,69.0,2.0,e,call
0.04567988046637455,12.0,0.08333333333333333,0.1,50.0,0.02,70.0,2.0,e,call
0.03096801217258952,12.0,0.08333333333333333,0.1,50.0,0.02,71.0,2.0,e,call
0.02512191523189154,12.0,0.08333333333333333,0.1,50.0,0.02,72.0,2.0,e,call
0.019275818291193576,12.0,0.08333333333333333,0.1,50.0,0.02,73.0,2.0,e,call
0.013429721350495605,12.0,0.08333333333333333,0.1,50.0,0.02,74.0,2.0,e,call
0.008015693447981951,12.0,0.08333333333333333,0.1,50.0,0.02,75.0,2.0,e,call
0.006537076914614215,12.0,0.08333333333333333,0.1,50.0,0.02,76.0,2.0,e,call
0.005058460381246479,12.0,0.08333333333333333,0.1,50.0,0.02,77.0,2.0,e,call
0.003579843847878743,12.0,0.08333333333333333,0.1,50.0,0.02,78.0,2.0,e,call
0.0021012273145110064,12.0,0.08333333333333333,0.1,50.0,0.02,79.0,2.0,e,call
21.18621822142041,12.0,0.08333333333333333,0.15000000000000002,50.0,0.02,30.0,2.0,e,call
20.234179320525087,12.0,0.08333333333333333,0.15000000000000002,50.0,0.02,31.0,2.0,e,call
19.282140419629773,12.0,0.08333333333333333,0.15000000000000002,50.0,0.02,32.0,2.0,e,call
18.339653238019533,12.0,0.08333333333333333,0.15000000000000002,50.0,0.02,33.0,2.0,e,call
17.40430184785603,12.0,0.08333333333333333,0.15000000000000002,50.0,0.02,34.0,2.0,e,call
16.46895045769253,12.0,0.08333333333333333,0.15000000000000002,50.0,0.02,35.0,2.0,e,call
15.55703162329576,12.0,0.08333333333333333,0.15000000000000002,50.0,0.02,36.0,2.0,e,call
14.658357650084453,12.0,0.08333333333333333,0.15000000000000002,50.0,0.02,37.0,2.0,e,call
13.759683676873138,12.0,0.08333333333333333,0.15000000000000002,50.0,0.02,38.0,2.0,e,call
12.890683997603153,12.0,0.08333333333333333,0.15000000000000002,50.0,0.02,39.0,2.0,e,call
12.059451096499709,12.0,0.08333333333333333,0.15000000000000002,50.0,0.02,40.0,2.0,e,call
11.228218195396266,12.0,0.08333333333333333,0.15000000000000002,50.0,0.02,41.0,2.0,e,call
10.39698529429282,12.0,0.08333333333333333,0.15000000000000002,50.0,0.02,42.0,2.0,e,call
9.665335085205422,12.0,0.08333333333333333,0.15000000000000002,50.0,0.02,43.0,2.0,e,call
8.93873405109545,12.0,0.08333333333333333,0.15000000000000002,50.0,0.02,44.0,2.0,e,call
8.212133016985478,12.0,0.08333333333333333,0.15000000000000002,50.0,0.02,45.0,2.0,e,call
7.505906515671534,12.0,0.08333333333333333,0.15000000000000002,50.0,0.02,46.0,2.0,e,call
6.91704151605905,12.0,0.08333333333333333,0.15000000000000002,50.0,0.02,47.0,2.0,e,call
6.328176516446565,12.0,0.08333333333333333,0.15000000000000002,50.0,0.02,48.0,2.0,e,call
5.73931151683408,12.0,0.08333333333333333,0.15000000000000002,50.0,0.02,49.0,2.0,e,call
5.150446517221599,12.0,0.08333333333333333,0.15000000000000002,50.0,0.02,50.0,2.0,e,call
4.7159142095817845,12.0,0.08333333333333333,0.15000000000000002,50.0,0.02,51.0,2.0,e,call
4.2813819019419705,12.0,0.08333333333333333,0.15000000000000002,50.0,0.02,52.0,2.0,e,call
3.846849594302154,12.0,0.08333333333333333,0.15000000000000002,50.0,0.02,53.0,2.0,e,call
3.412317286662339,12.0,0.08333333333333333,0.15000000000000002,50.0,0.02,54.0,2.0,e,call
3.048046530271255,12.0,0.08333333333333333,0.15000000000000002,50.0,0.02,55.0,2.0,e,call
2.7608621649006735,12.0,0.08333333333333333,0.15000000000000002,50.0,0.02,56.0,2.0,e,call
2.473677799530091,12.0,0.08333333333333333,0.15000000000000002,50.0,0.02,57.0,2.0,e,call
2.1864934341595106,12.0,0.08333333333333333,0.15000000000000002,50.0,0.02,58.0,2.0,e,call
1.8993090687889285,12.0,0.08333333333333333,0.15000000000000002,50.0,0.02,59.0,2.0,e,call
1.6773261312256955,12.0,0.08333333333333333,0.15000000000000002,50.0,0.02,60.0,2.0,e,call
1.509886651822121,12.0,0.08333333333333333,0.15000000000000002,50.0,0.02,61.0,2.0,e,call
1.342447172418547,12.0,0.08333333333333333,0.15000000000000002,50.0,0.02,62.0,2.0,e,call
1.1750076930149729,12.0,0.08333333333333333,0.15000000000000002,50.0,0.02,63.0,2.0,e,call
1.0075682136113986,12.0,0.08333333333333333,0.15000000000000002,50.0,0.02,64.0,2.0,e,call
0.8538325785832773,12.0,0.08333333333333333,0.15000000000000002,50.0,0.02,65.0,2.0,e,call
0.7689615175702627,12.0,0.08333333333333333,0.15000000000000002,50.0,0.02,66.0,2.0,e,call
0.6840904565572481,12.0,0.08333333333333333,0.15000000000000002,50.0,0.02,67.0,2.0,e,call
0.5992193955442339,12.0,0.08333333333333333,0.15000000000000002,50.0,0.02,68.0,2.0,e,call
0.5143483345312194,12.0,0.08333333333333333,0.15000000000000002,50.0,0.02,69.0,2.0,e,call
0.42947727351820475,12.0,0.08333333333333333,0.15000000000000002,50.0,0.02,70.0,2.0,e,call
0.3590597406069368,12.0,0.08333333333333333,0.15000000000000002,50.0,0.02,71.0,2.0,e,call
0.32222666020174245,12.0,0.08333333333333333,0.15000000000000002,50.0,0.02,72.0,2.0,e,call
0.2853935797965482,12.0,0.08333333333333333,0.15000000000000002,50.0,0.02,73.0,2.0,e,call
0.24856049939135386,12.0,0.08333333333333333,0.15000000000000002,50.0,0.02,74.0,2.0,e,call
0.21172741898615946,12.0,0.08333333333333333,0.15000000000000002,50.0,0.02,75.0,2.0,e,call
0.17489433858096518,12.0,0.08333333333333333,0.15000000000000002,50.0,0.02,76.0,2.0,e,call
0.13806125817577083,12.0,0.08333333333333333,0.15000000000000002,50.0,0.02,77.0,2.0,e,call
0.12239342118550452,12.0,0.08333333333333333,0.15000000000000002,50.0,0.02,78.0,2.0,e,call
0.10894193171212192,12.0,0.08333333333333333,0.15000000000000002,50.0,0.02,79.0,2.0,e,call
21.279683451110554,12.0,0.08333333333333333,0.2,50.0,0.02,30.0,2.0,e,call
20.34959287088149,12.0,0.08333333333333333,0.2,50.0,0.02,31.0,2.0,e,call
19.440352928214853,12.0,0.08333333333333333,0.2,50.0,0.02,32.0,2.0,e,call
18.55237553840156,12.0,0.08333333333333333,0.2,50.0,0.02,33.0,2.0,e,call
17.664398148588262,12.0,0.08333333333333333,0.2,50.0,0.02,34.0,2.0,e,call
16.776420758774957,12.0,0.08333333333333333,0.2,50.0,0.02,35.0,2.0,e,call
15.936276682560873,12.0,0.08333333333333333,0.2,50.0,0.02,36.0,2.0,e,call
15.12316958878133,12.0,0.08333333333333333,0.2,50.0,0.02,37.0,2.0,e,call
14.310062495001787,12.0,0.08333333333333333,0.2,50.0,0.02,38.0,2.0,e,call
13.496955401222253,12.0,0.08333333333333333,0.2,50.0,0.02,39.0,2.0,e,call
12.718737077211081,12.0,0.08333333333333333,0.2,50.0,0.02,40.0,2.0,e,call
12.01793903053972,12.0,0.08333333333333333,0.2,50.0,0.02,41.0,2.0,e,call
11.317140983868363,12.0,0.08333333333333333,0.2,50.0,0.02,42.0,2.0,e,call
10.616342937197004,12.0,0.08333333333333333,0.2,50.0,0.02,43.0,2.0,e,call
9.91554489052564,12.0,0.08333333333333333,0.2,50.0,0.02,44.0,2.0,e,call
9.279448358533537,12.0,0.08333333333333333,0.2,50.0,0.02,45.0,2.0,e,call
8.721593684947488,12.0,0.08333333333333333,0.2,50.0,0.02,46.0,2.0,e,call
8.163739011361445,12.0,0.08333333333333333,0.2,50.0,0.02,47.0,2.0,e,call
7.6058843377754,12.0,0.08333333333333333,0.2,50.0,0.02,48.0,2.0,e,call
7.048029664189355,12.0,0.08333333333333333,0.2,50.0,0.02,49.0,2.0,e,call
6.490174990603319,12.0,0.08333333333333333,0.2,50.0,0.02,50.0,2.0,e,call
6.087180606030537,12.0,0.08333333333333333,0.2,50.0,0.02,51.0,2.0,e,call
5.684186221457754,12.0,0.08333333333333333,0.2,50.0,0.02,52.0,2.0,e,call
5.281191836884972,12.0,0.08333333333333333,0.2,50.0,0.02,53.0,2.0,e,call
4.878197452312189,12.0,0.08333333333333333,0.2,50.0,0.02,54.0,2.0,e,call
4.475203067739406,12.0,0.08333333333333333,0.2,50.0,0.02,55.0,2.0,e,call
4.072208683166621,12.0,0.08333333333333333,0.2,50.0,0.02,56.0,2.0,e,call
3.7950060880599232,12.0,0.08333333333333333,0.2,50.0,0.02,57.0,2.0,e,call
3.5349642487272845,12.0,0.08333333333333333,0.2,50.0,0.02,58.0,2.0,e,call
3.2749224093946476,12.0,0.08333333333333333,0.2,50.0,0.02,59.0,2.0,e,call
3.0148805700620094,12.0,0.08333333333333333,0.2,50.0,0.02,60.0,2.0,e,call
2.754838730729372,12.0,0.08333333333333333,0.2,50.0,0.02,61.0,2.0,e,call
2.494796891396734,12.0,0.08333333333333333,0.2,50.0,0.02,62.0,2.0,e,call
2.235969348360778,12.0,0.08333333333333333,0.2,50.0,0.02,63.0,2.0,e,call
2.0882509695224885,12.0,0.08333333333333333,0.2,50.0,0.02,64.0,2.0,e,call
1.940532590684199,12.0,0.08333333333333333,0.2,50.0,0.02,65.0,2.0,e,call
1.7928142118459092,12.0,0.08333333333333333,0.2,50.0,0.02,66.0,2.0,e,call
1.6450958330076197,12.0,0.08333333333333333,0.2,50.0,0.02,67.0,2.0,e,call
1.4973774541693303,12.0,0.08333333333333333,0.2,50.0,0.02,68.0,2.0,e,call
1.3496590753310411,12.0,0.08333333333333333,0.2,50.0,0.02,69.0,2.0,e,call
1.2019406964927517,12.0,0.08333333333333333,0.2,50.0,0.02,70.0,2.0,e,call
1.0767534115576127,12.0,0.08333333333333333,0.2,50.0,0.02,71.0,2.0,e,call
1.0039197421392612,12.0,0.08333333333333333,0.2,50.0,0.02,72.0,2.0,e,call
0.93108607272091,12.0,0.08333333333333333,0.2,50.0,0.02,73.0,2.0,e,call
0.8582524033025586,12.0,0.08333333333333333,0.2,50.0,0.02,74.0,2.0,e,call
0.7854187338842075,12.0,0.08333333333333333,0.2,50.0,0.02,75.0,2.0,e,call
0.7125850644658561,12.0,0.08333333333333333,0.2,50.0,0.02,76.0,2.0,e,call
0.6397513950475049,12.0,0.08333333333333333,0.2,50.0,0.02,77.0,2.0,e,call
0.5669177256291537,12.0,0.08333333333333333,0.2,50.0,0.02,78.0,2.0,e,call
0.49408405621080237,12.0,0.08333333333333333,0.2,50.0,0.02,79.0,2.0,e,call
21.523227427065063,12.0,0.08333333333333333,0.25,50.0,0.02,30.0,2.0,e,call
20.64440840450018,12.0,0.08333333333333333,0.25,50.0,0.02,31.0,2.0,e,call
19.7655893819353,12.0,0.08333333333333333,0.25,50.0,0.02,32.0,2.0,e,call
18.933006004373368,12.0,0.08333333333333333,0.25,50.0,0.02,33.0,2.0,e,call
18.134963834556356,12.0,0.08333333333333333,0.25,50.0,0.02,34.0,2.0,e,call
17.33692166473934,12.0,0.08333333333333333,0.25,50.0,0.02,35.0,2.0,e,call
16.538879494922316,12.0,0.08333333333333333,0.25,50.0,0.02,36.0,2.0,e,call
15.740837325105302,12.0,0.08333333333333333,0.25,50.0,0.02,37.0,2.0,e,call
15.006220146926097,12.0,0.08333333333333333,0.25,50.0,0.02,38.0,2.0,e,call
14.326239167602637,12.0,0.08333333333333333,0.25,50.0,0.02,39.0,2.0,e,call
13.646258188279177,12.0,0.08333333333333333,0.25,50.0,0.02,40.0,2.0,e,call
12.96627720895571,12.0,0.08333333333333333,0.25,50.0,0.02,41.0,2.0,e,call
12.286296229632248,12.0,0.08333333333333333,0.25,50.0,0.02,42.0,2.0,e,call
11.60631525030879,12.0,0.08333333333333333,0.25,50.0,0.02,43.0,2.0,e,call
11.031782578061042,12.0,0.08333333333333333,0.25,50.0,0.02,44.0,2.0,e,call
10.498211847932973,12.0,0.08333333333333333,0.25,50.0,0.02,45.0,2.0,e,call
9.9646411178049,12.0,0.08333333333333333,0.25,50.0,0.02,46.0,2.0,e,call
9.431070387676831,12.0,0.08333333333333333,0.25,50.0,0.02,47.0,2.0,e,call
8.897499657548757,12.0,0.08333333333333333,0.25,50.0,0.02,48.0,2.0,e,call
8.363928927420686,12.0,0.08333333333333333,0.25,50.0,0.02,49.0,2.0,e,call
7.830358197292618,12.0,0.08333333333333333,0.25,50.0,0.02,50.0,2.0,e,call
7.451335171063113,12.0,0.08333333333333333,0.25,50.0,0.02,51.0,2.0,e,call
7.072312144833617,12.0,0.08333333333333333,0.25,50.0,0.02,52.0,2.0,e,call
6.693289118604122,12.0,0.08333333333333333,0.25,50.0,0.02,53.0,2.0,e,call
6.314266092374624,12.0,0.08333333333333333,0.25,50.0,0.02,54.0,2.0,e,call
5.93524306614513,12.0,0.08333333333333333,0.25,50.0,0.02,55.0,2.0,e,call
5.556220039915636,12.0,0.08333333333333333,0.25,50.0,0.02,56.0,2.0,e,call
5.177197013686139,12.0,0.08333333333333333,0.25,50.0,0.02,57.0,2.0,e,call
4.8310206165039435,12.0,0.08333333333333333,0.25,50.0,0.02,58.0,2.0,e,call
4.591002270182427,12.0,0.08333333333333333,0.25,50.0,0.02,59.0,2.0,e,call
4.350983923860912,12.0,0.08333333333333333,0.25,50.0,0.02,60.0,2.0,e,call
4.110965577539395,12.0,0.08333333333333333,0.25,50.0,0.02,61.0,2.0,e,call
3.8709472312178783,12.0,0.08333333333333333,0.25,50.0,0.02,62.0,2.0,e,call
3.630928884896363,12.0,0.08333333333333333,0.25,50.0,0.02,63.0,2.0,e,call
3.390910538574847,12.0,0.08333333333333333,0.25,50.0,0.02,64.0,2.0,e,call
3.1508921922533313,12.0,0.08333333333333333,0.25,50.0,0.02,65.0,2.0,e,call
2.910873845931814,12.0,0.08333333333333333,0.25,50.0,0.02,66.0,2.0,e,call
2.699279874743401,12.0,0.08333333333333333,0.25,50.0,0.02,67.0,2.0,e,call
2.5656814764723235,12.0,0.08333333333333333,0.25,50.0,0.02,68.0,2.0,e,call
2.4320830782012437,12.0,0.08333333333333333,0.25,50.0,0.02,69.0,2.0,e,call
2.2984846799301666,12.0,0.08333333333333333,0.25,50.0,0.02,70.0,2.0,e,call
2.164886281659088,12.0,0.08333333333333333,0.25,50.0,0.02,71.0,2.0,e,call
2.0312878833880106,12.0,0.08333333333333333,0.25,50.0,0.02,72.0,2.0,e,call
1.8976894851169324,12.0,0.08333333333333333,0.25,50.0,0.02,73.0,2.0,e,call
1.7640910868458537,12.0,0.08333333333333333,0.25,50.0,0.02,74.0,2.0,e,call
1.630492688574776,12.0,0.08333333333333333,0.25,50.0,0.02,75.0,2.0,e,call
1.4968942903036981,12.0,0.08333333333333333,0.25,50.0,0.02,76.0,2.0,e,call
1.3632958920326195,12.0,0.08333333333333333,0.25,50.0,0.02,77.0,2.0,e,call
1.2922738057697474,12.0,0.08333333333333333,0.25,50.0,0.02,78.0,2.0,e,call
1.2278044839148414,12.0,0.08333333333333333,0.25,50.0,0.02,79.0,2.0,e,call
21.873020697247203,12.0,0.08333333333333333,0.3,50.0,0.02,30.0,2.0,e,call
21.088553541761204,12.0,0.08333333333333333,0.3,50.0,0.02,31.0,2.0,e,call
20.304086386275213,12.0,0.08333333333333333,0.3,50.0,0.02,32.0,2.0,e,call
19.519619230789218,12.0,0.08333333333333333,0.3,50.0,0.02,33.0,2.0,e,call
18.735152075303226,12.0,0.08333333333333333,0.3,50.0,0.02,34.0,2.0,e,call
17.95068491981723,12.0,0.08333333333333333,0.3,50.0,0.02,35.0,2.0,e,call
17.244672015004337,12.0,0.08333333333333333,0.3,50.0,0.02,36.0,2.0,e,call
16.583004066410393,12.0,0.08333333333333333,0.3,50.0,0.02,37.0,2.0,e,call
15.921336117816454,12.0,0.08333333333333333,0.3,50.0,0.02,38.0,2.0,e,call
15.259668169222511,12.0,0.08333333333333333,0.3,50.0,0.02,39.0,2.0,e,call
14.59800022062857,12.0,0.08333333333333333,0.3,50.0,0.02,40.0,2.0,e,call
13.936332272034631,12.0,0.08333333333333333,0.3,50.0,0.02,41.0,2.0,e,call
13.274664323440689,12.0,0.08333333333333333,0.3,50.0,0.02,42.0,2.0,e,call
12.754761141521634,12.0,0.08333333333333333,0.3,50.0,0.02,43.0,2.0,e,call
12.242045906605055,12.0,0.08333333333333333,0.3,50.0,0.02,44.0,2.0,e,call
11.729330671688478,12.0,0.08333333333333333,0.3,50.0,0.02,45.0,2.0,e,call
11.216615436771894,12.0,0.08333333333333333,0.3,50.0,0.02,46.0,2.0,e,call
10.703900201855317,12.0,0.08333333333333333,0.3,50.0,0.02,47.0,2.0,e,call
10.191184966938744,12.0,0.08333333333333333,0.3,50.0,0.02,48.0,2.0,e,call
9.678469732022164,12.0,0.08333333333333333,0.3,50.0,0.02,49.0,2.0,e,call
9.165754497105594,12.0,0.08333333333333333,0.3,50.0,0.02,50.0,2.0,e,call
8.80682923968337,12.0,0.08333333333333333,0.3,50.0,0.02,51.0,2.0,e,call
8.44790398226115,12.0,0.08333333333333333,0.3,50.0,0.02,52.0,2.0,e,call
8.088978724838933,12.0,0.08333333333333333,0.3,50.0,0.02,53.0,2.0,e,call
7.730053467416714,12.0,0.08333333333333333,0.3,50.0,0.02,54.0,2.0,e,call
7.371128209994496,12.0,0.08333333333333333,0.3,50.0,0.02,55.0,2.0,e,call
7.012202952572276,12.0,0.08333333333333333,0.3,50.0,0.02,56.0,2.0,e,call
6.653277695150059,12.0,0.08333333333333333,0.3,50.0,0.02,57.0,2.0,e,call
6.294352437727838,12.0,0.08333333333333333,0.3,50.0,0.02,58.0,2.0,e,call
5.935427180305619,12.0,0.08333333333333333,0.3,50.0,0.02,59.0,2.0,e,call
5.650170717842614,12.0,0.08333333333333333,0.3,50.0,0.02,60.0,2.0,e,call
5.4265409861224185,12.0,0.08333333333333333,0.3,50.0,0.02,61.0,2.0,e,call
5.202911254402223,12.0,0.08333333333333333,0.3,50.0,0.02,62.0,2.0,e,call
4.979281522682026,12.0,0.08333333333333333,0.3,50.0,0.02,63.0,2.0,e,call
4.755651790961835,12.0,0.08333333333333333,0.3,50.0,0.02,64.0,2.0,e,call
4.532022059241639,12.0,0.08333333333333333,0.3,50.0,0.02,65.0,2.0,e,call
4.308392327521443,12.0,0.08333333333333333,0.3,50.0,0.02,66.0,2.0,e,call
4.08476259580125,12.0,0.08333333333333333,0.3,50.0,0.02,67.0,2.0,e,call
3.861132864081052,12.0,0.08333333333333333,0.3,50.0,0.02,68.0,2.0,e,call
3.6375031323608567,12.0,0.08333333333333333,0.3,50.0,0.02,69.0,2.0,e,call
3.4138734006406626,12.0,0.08333333333333333,0.3,50.0,0.02,70.0,2.0,e,call
3.220726459328364,12.0,0.08333333333333333,0.3,50.0,0.02,71.0,2.0,e,call
3.0984098246027836,12.0,0.08333333333333333,0.3,50.0,0.02,72.0,2.0,e,call
2.976093189877201,12.0,0.08333333333333333,0.3,50.0,0.02,73.0,2.0,e,call
2.8537765551516197,12.0,0.08333333333333333,0.3,50.0,0.02,74.0,2.0,e,call
2.731459920426038,12.0,0.08333333333333333,0.3,50.0,0.02,75.0,2.0,e,call
2.609143285700456,12.0,0.08333333333333333,0.3,50.0,0.02,76.0,2.0,e,call
2.486826650974875,12.0,0.08333333333333333,0.3,50.0,0.02,77.0,2.0,e,call
2.364510016249293,12.0,0.08333333333333333,0.3,50.0,0.02,78.0,2.0,e,call
2.2421933815237116,12.0,0.08333333333333333,0.3,50.0,0.02,79.0,2.0,e,call
0.0,12.0,0.08333333333333333,0.05,50.0,0.02,30.0,2.0,e,put
0.0,12.0,0.08333333333333333,0.05,50.0,0.02,31.0,2.0,e,put
0.0,12.0,0.08333333333333333,0.05,50.0,0.02,32.0,2.0,e,put
0.0,12.0,0.08333333333333333,0.05,50.0,0.02,33.0,2.0,e,put
0.0,12.0,0.08333333333333333,0.05,50.0,0.02,34.0,2.0,e,put
0.0,12.0,0.08333333333333333,0.05,50.0,0.02,35.0,2.0,e,put
2.333710602971213e-09,12.0,0.08333333333333333,0.05,50.0,0.02,36.0,2.0,e,put
7.17205649654595e-08,12.0,0.08333333333333333,0.05,50.0,0.02,37.0,2.0,e,put
1.0211918355136026e-06,12.0,0.08333333333333333,0.05,50.0,0.02,38.0,2.0,e,put
8.939365578246407e-06,12.0,0.08333333333333333,0.05,50.0,0.02,39.0,2.0,e,put
5.359519776682616e-05,12.0,0.08333333333333333,0.05,50.0,0.02,40.0,2.0,e,put
0.00023041835923992213,12.0,0.08333333333333333,0.05,50.0,0.02,41.0,2.0,e,put
0.000799684668059584,12.0,0.08333333333333333,0.05,50.0,0.02,42.0,2.0,e,put
0.0030949868394060916,12.0,0.08333333333333333,0.05,50.0,0.02,43.0,2.0,e,put
0.009652753454574886,12.0,0.08333333333333333,0.05,50.0,0.02,44.0,2.0,e,put
0.024762902852288837,12.0,0.08333333333333333,0.05,50.0,0.02,45.0,2.0,e,put
0.05325919506916268,12.0,0.08333333333333333,0.05,50.0,0.02,46.0,2.0,e,put
0.11058615683405493,12.0,0.08333333333333333,0.05,50.0,0.02,47.0,2.0,e,put
0.21869885989714485,12.0,0.08333333333333333,0.05,50.0,0.02,48.0,2.0,e,put
0.3813062846109668,12.0,0.08333333333333333,0.05,50.0,0.02,49.0,2.0,e,put
0.6015280929419515,12.0,0.08333333333333333,0.05,50.0,0.02,50.0,2.0,e,put
0.9561505011594439,12.0,0.08333333333333333,0.05,50.0,0.02,51.0,2.0,e,put
1.3933670847437352,12.0,0.08333333333333333,0.05,50.0,0.02,52.0,2.0,e,put
1.9064618808499365,12.0,0.08333333333333333,0.05,50.0,0.02,53.0,2.0,e,put
2.5659086153506143,12.0,0.08333333333333333,0.05,50.0,0.02,54.0,2.0,e,put
3.2848697411026886,12.0,0.08333333333333333,0.05,50.0,0.02,55.0,2.0,e,put
4.069126174940281,12.0,0.08333333333333333,0.05,50.0,0.02,56.0,2.0,e,put
4.93017353076882,12.0,0.08333333333333333,0.05,50.0,0.02,57.0,2.0,e,put
5.813759162209451,12.0,0.08333333333333333,0.05,50.0,0.02,58.0,2.0,e,put
6.736329356959768,12.0,0.08333333333333333,0.05,50.0,0.02,59.0,2.0,e,put
7.6723356583284135,12.0,0.08333333333333333,0.05,50.0,0.02,60.0,2.0,e,put
8.619581770600135,12.0,0.08333333333333333,0.05,50.0,0.02,61.0,2.0,e,put
9.574607355226005,12.0,0.08333333333333333,0.05,50.0,0.02,62.0,2.0,e,put
10.531572121826677,12.0,0.08333333333333333,0.05,50.0,0.02,63.0,2.0,e,put
11.491514359866786,12.0,0.08333333333333333,0.05,50.0,0.02,64.0,2.0,e,put
12.451574879172448,12.0,0.08333333333333333,0.05,50.0,0.02,65.0,2.0,e,put
13.412229785625486,12.0,0.08333333333333333,0.05,50.0,0.02,66.0,2.0,e,put
14.372916957146398,12.0,0.08333333333333333,0.05,50.0,0.02,67.0,2.0,e,put
15.333692662977803,12.0,0.08333333333333333,0.05,50.0,0.02,68.0,2.0,e,put
16.294472450557024,12.0,0.08333333333333333,0.05,50.0,0.02,69.0,2.0,e,put
17.255261213450673,12.0,0.08333333333333333,0.05,50.0,0.02,70.0,2.0,e,put
18.216050179815063,12.0,0.08333333333333333,0.05,50.0,0.02,71.0,2.0,e,put
19.176839618967396,12.0,0.08333333333333333,0.05,50.0,0.02,72.0,2.0,e,put
20.137629058119717,12.0,0.08333333333333333,0.05,50.0,0.02,73.0,2.0,e,put
21.098418497272043,12.0,0.08333333333333333,0.05,50.0,0.02,74.0,2.0,e,put
22.059207936424357,12.0,0.08333333333333333,0.05,50.0,0.02,75.0,2.0,e,put
23.01999737557669,12.0,0.08333333333333333,0.05,50.0,0.02,76.0,2.0,e,put
23.980786814729004,12.0,0.08333333333333333,0.05,50.0,0.02,77.0,2.0,e,put
24.941576253881337,12.0,0.08333333333333333,0.05,50.0,0.02,78.0,2.0,e,put
25.90236569303366,12.0,0.08333333333333333,0.05,50.0,0.02,79.0,2.0,e,put
2.8075092525358182e-05,12.0,0.08333333333333333,0.1,50.0,0.02,30.0,2.0,e,put
8.70177031203137e-05,12.0,0.08333333333333333,0.1,50.0,0.02,31.0,2.0,e,put
0.00029312966505748455,12.0,0.08333333333333333,0.1,50.0,0.02,32.0,2.0,e,put
0.0006493183861315529,12.0,0.08333333333333333,0.1,50.0,0.02,33.0,2.0,e,put
0.0018128977549618772,12.0,0.08333333333333333,0.1,50.0,0.02,34.0,2.0,e,put
0.003465807318487411,12.0,0.08333333333333333,0.1,50.0,0.02,35.0,2.0,e,put
0.007979863268336485,12.0,0.08333333333333333,0.1,50.0,0.02,36.0,2.0,e,put
0.014111134476109354,12.0,0.08333333333333333,0.1,50.0,0.02,37.0,2.0,e,put
0.026989506610979052,12.0,0.08333333333333333,0.1,50.0,0.02,38.0,2.0,e,put
0.04568003478140211,12.0,0.08333333333333333,0.1,50.0,0.02,39.0,2.0,e,put
0.07341255484916659,12.0,0.08333333333333333,0.1,50.0,0.02,40.0,2.0,e,put
0.12120979846677352,12.0,0.08333333333333333,0.1,50.0,0.02,41.0,2.0,e,put
0.1690070420843805,12.0,0.08333333333333333,0.1,50.0,0.02,42.0,2.0,e,put
0.2705149941288023,12.0,0.08333333333333333,0.1,50.0,0.02,43.0,2.0,e,put
0.3747462584227531,12.0,0.08333333333333333,0.1,50.0,0.02,44.0,2.0,e,put
0.520765658117297,12.0,0.08333333333333333,0.1,50.0,0.02,45.0,2.0,e,put
0.7173183627781201,12.0,0.08333333333333333,0.1,50.0,0.02,46.0,2.0,e,put
0.9138710674389432,12.0,0.08333333333333333,0.1,50.0,0.02,47.0,2.0,e,put
1.2135819156186214,12.0,0.08333333333333333,0.1,50.0,0.02,48.0,2.0,e,put
1.538281560713189,12.0,0.08333333333333333,0.1,50.0,0.02,49.0,2.0,e,put
1.8629812058077577,12.0,0.08333333333333333,0.1,50.0,0.02,50.0,2.0,e,put
2.3390860077657734,12.0,0.08333333333333333,0.1,50.0,0.02,51.0,2.0,e,put
2.815190809723789,12.0,0.08333333333333333,0.1,50.0,0.02,52.0,2.0,e,put
3.295607360537423,12.0,0.08333333333333333,0.1,50.0,0.02,53.0,2.0,e,put
3.9241345923929143,12.0,0.08333333333333333,0.1,50.0,0.02,54.0,2.0,e,put
4.552661824248407,12.0,0.08333333333333333,0.1,50.0,0.02,55.0,2.0,e,put
5.181189056103899,12.0,0.08333333333333333,0.1,50.0,0.02,56.0,2.0,e,put
5.924649158277366,12.0,0.08333333333333333,0.1,50.0,0.02,57.0,2.0,e,put
6.683788621769337,12.0,0.08333333333333333,0.1,50.0,0.02,58.0,2.0,e,put
7.442928085261312,12.0,0.08333333333333333,0.1,50.0,0.02,59.0,2.0,e,put
8.25377617998661,12.0,0.08333333333333333,0.1,50.0,0.02,60.0,2.0,e,put
9.10788049867839,12.0,0.08333333333333333,0.1,50.0,0.02,61.0,2.0,e,put
9.961984817370167,12.0,0.08333333333333333,0.1,50.0,0.02,62.0,2.0,e,put
10.816718946642581,12.0,0.08333333333333333,0.1,50.0,0.02,63.0,2.0,e,put
11.729081290222567,12.0,0.08333333333333333,0.1,50.0,0.02,64.0,2.0,e,put
12.64144363380255,12.0,0.08333333333333333,0.1,50.0,0.02,65.0,2.0,e,put
13.553805977382536,12.0,0.08333333333333333,0.1,50.0,0.02,66.0,2.0,e,put
14.474154426138291,12.0,0.08333333333333333,0.1,50.0,0.02,67.0,2.0,e,put
15.416416491135234,12.0,0.08333333333333333,0.1,50.0,0.02,68.0,2.0,e,put
16.358678556132176,12.0,0.08333333333333333,0.1,50.0,0.02,69.0,2.0,e,put
17.30094062112912,12.0,0.08333333333333333,0.1,50.0,0.02,70.0,2.0,e,put
18.247018191987653,12.0,0.08333333333333333,0.1,50.0,0.02,71.0,2.0,e,put
19.201961534199285,12.0,0.08333333333333333,0.1,50.0,0.02,72.0,2.0,e,put
20.156904876410902,12.0,0.08333333333333333,0.1,50.0,0.02,73.0,2.0,e,put
21.11184821862253,12.0,0.08333333333333333,0.1,50.0,0.02,74.0,2.0,e,put
22.067223629872345,12.0,0.08333333333333333,0.1,50.0,0.02,75.0,2.0,e,put
23.026534452491298,12.0,0.08333333333333333,0.1,50.0,0.02,76.0,2.0,e,put
23.985845275110258,12.0,0.08333333333333333,0.1,50.0,0.02,77.0,2.0,e,put
24.945156097729214,12.0,0.08333333333333333,0.1,50.0,0.02,78.0,2.0,e,put
25.90446692034817,12.0,0.08333333333333333,0.1,50.0,0.02,79.0,2.0,e,put
0.009901395990189167,12.0,0.08333333333333333,0.15000000000000002,50.0,0.02,30.0,2.0,e,put
0.018651934247196782,12.0,0.08333333333333333,0.15000000000000002,50.0,0.02,31.0,2.0,e,put
0.027402472504204377,12.0,0.08333333333333333,0.15000000000000002,50.0,0.02,32.0,2.0,e,put
0.045704730046283476,12.0,0.08333333333333333,0.15000000000000002,50.0,0.02,33.0,2.0,e,put
0.07114277903510537,12.0,0.08333333333333333,0.15000000000000002,50.0,0.02,34.0,2.0,e,put
0.09658082802392731,12.0,0.08333333333333333,0.15000000000000002,50.0,0.02,35.0,2.0,e,put
0.14545143277948633,12.0,0.08333333333333333,0.15000000000000002,50.0,0.02,36.0,2.0,e,put
0.20756689872049885,12.0,0.08333333333333333,0.15000000000000002,50.0,0.02,37.0,2.0,e,put
0.2696823646615115,12.0,0.08333333333333333,0.15000000000000002,50.0,0.02,38.0,2.0,e,put
0.3614721245438519,12.0,0.08333333333333333,0.15000000000000002,50.0,0.02,39.0,2.0,e,put
0.4910286625927319,12.0,0.08333333333333333,0.15000000000000002,50.0,0.02,40.0,2.0,e,put
0.6205852006416118,12.0,0.08333333333333333,0.15000000000000002,50.0,0.02,41.0,2.0,e,put
0.7501417386904917,12.0,0.08333333333333333,0.15000000000000002,50.0,0.02,42.0,2.0,e,put
0.9792809687554184,12.0,0.08333333333333333,0.15000000000000002,50.0,0.02,43.0,2.0,e,put
1.2134693737977682,12.0,0.08333333333333333,0.15000000000000002,50.0,0.02,44.0,2.0,e,put
1.4476577788401184,12.0,0.08333333333333333,0.15000000000000002,50.0,0.02,45.0,2.0,e,put
1.7022207166784993,12.0,0.08333333333333333,0.15000000000000002,50.0,0.02,46.0,2.0,e,put
2.074145156218338,12.0,0.08333333333333333,0.15000000000000002,50.0,0.02,47.0,2.0,e,put
2.446069595758178,12.0,0.08333333333333333,0.15000000000000002,50.0,0.02,48.0,2.0,e,put
2.8179940352980175,12.0,0.08333333333333333,0.15000000000000002,50.0,0.02,49.0,2.0,e,put
3.18991847483786,12.0,0.08333333333333333,0.15000000000000002,50.0,0.02,50.0,2.0,e,put
3.716175606350368,12.0,0.08333333333333333,0.15000000000000002,50.0,0.02,51.0,2.0,e,put
4.242432737862879,12.0,0.08333333333333333,0.15000000000000002,50.0,0.02,52.0,2.0,e,put
4.768689869375387,12.0,0.08333333333333333,0.15000000000000002,50.0,0.02,53.0,2.0,e,put
5.294947000887898,12.0,0.08333333333333333,0.15000000000000002,50.0,0.02,54.0,2.0,e,put
5.891465683649135,12.0,0.08333333333333333,0.15000000000000002,50.0,0.02,55.0,2.0,e,put
6.565070757430878,12.0,0.08333333333333333,0.15000000000000002,50.0,0.02,56.0,2.0,e,put
7.238675831212621,12.0,0.08333333333333333,0.15000000000000002,50.0,0.02,57.0,2.0,e,put
7.91228090499436,12.0,0.08333333333333333,0.15000000000000002,50.0,0.02,58.0,2.0,e,put
8.585885978776103,12.0,0.08333333333333333,0.15000000000000002,50.0,0.02,59.0,2.0,e,put
9.324692480365192,12.0,0.08333333333333333,0.15000000000000002,50.0,0.02,60.0,2.0,e,put
10.118042440113946,12.0,0.08333333333333333,0.15000000000000002,50.0,0.02,61.0,2.0,e,put
10.911392399862693,12.0,0.08333333333333333,0.15000000000000002,50.0,0.02,62.0,2.0,e,put
11.704742359611448,12.0,0.08333333333333333,0.15000000000000002,50.0,0.02,63.0,2.0,e,put
12.498092319360195,12.0,0.08333333333333333,0.15000000000000002,50.0,0.02,64.0,2.0,e,put
13.305146123484402,12.0,0.08333333333333333,0.15000000000000002,50.0,0.02,65.0,2.0,e,put
14.181064501623705,12.0,0.08333333333333333,0.15000000000000002,50.0,0.02,66.0,2.0,e,put
15.056982879763016,12.0,0.08333333333333333,0.15000000000000002,50.0,0.02,67.0,2.0,e,put
15.932901257902326,12.0,0.08333333333333333,0.15000000000000002,50.0,0.02,68.0,2.0,e,put
16.808819636041633,12.0,0.08333333333333333,0.15000000000000002,50.0,0.02,69.0,2.0,e,put
17.68473801418094,12.0,0.08333333333333333,0.15000000000000002,50.0,0.02,70.0,2.0,e,put
18.575109920421998,12.0,0.08333333333333333,0.15000000000000002,50.0,0.02,71.0,2.0,e,put
19.49906627916913,12.0,0.08333333333333333,0.15000000000000002,50.0,0.02,72.0,2.0,e,put
20.423022637916258,12.0,0.08333333333333333,0.15000000000000002,50.0,0.02,73.0,2.0,e,put
21.34697899666339,12.0,0.08333333333333333,0.15000000000000002,50.0,0.02,74.0,2.0,e,put
22.27093535541052,12.0,0.08333333333333333,0.15000000000000002,50.0,0.02,75.0,2.0,e,put
23.194891714157645,12.0,0.08333333333333333,0.15000000000000002,50.0,0.02,76.0,2.0,e,put
24.118848072904775,12.0,0.08333333333333333,0.15000000000000002,50.0,0.02,77.0,2.0,e,put
25.06396967506684,12.0,0.08333333333333333,0.15000000000000002,50.0,0.02,78.0,2.0,e,put
26.01130762474578,12.0,0.08333333333333333,0.15000000000000002,50.0,0.02,79.0,2.0,e,put
0.10336662568032992,12.0,0.08333333333333333,0.2,50.0,0.02,30.0,2.0,e,put
0.1340654846035981,12.0,0.08333333333333333,0.2,50.0,0.02,31.0,2.0,e,put
0.18561498108928354,12.0,0.08333333333333333,0.2,50.0,0.02,32.0,2.0,e,put
0.2584270304283086,12.0,0.08333333333333333,0.2,50.0,0.02,33.0,2.0,e,put
0.33123907976733385,12.0,0.08333333333333333,0.2,50.0,0.02,34.0,2.0,e,put
0.4040511291063588,12.0,0.08333333333333333,0.2,50.0,0.02,35.0,2.0,e,put
0.5246964920445965,12.0,0.08333333333333333,0.2,50.0,0.02,36.0,2.0,e,put
0.6723788374173794,12.0,0.08333333333333333,0.2,50.0,0.02,37.0,2.0,e,put
0.8200611827901625,12.0,0.08333333333333333,0.2,50.0,0.02,38.0,2.0,e,put
0.9677435281629455,12.0,0.08333333333333333,0.2,50.0,0.02,39.0,2.0,e,put
1.1503146433041027,12.0,0.08333333333333333,0.2,50.0,0.02,40.0,2.0,e,put
1.4103060357850654,12.0,0.08333333333333333,0.2,50.0,0.02,41.0,2.0,e,put
1.6702974282660292,12.0,0.08333333333333333,0.2,50.0,0.02,42.0,2.0,e,put
1.9302888207469926,12.0,0.08333333333333333,0.2,50.0,0.02,43.0,2.0,e,put
2.190280213227956,12.0,0.08333333333333333,0.2,50.0,0.02,44.0,2.0,e,put
2.5149731203881727,12.0,0.08333333333333333,0.2,50.0,0.02,45.0,2.0,e,put
2.9179078859544525,12.0,0.08333333333333333,0.2,50.0,0.02,46.0,2.0,e,put
3.3208426515207323,12.0,0.08333333333333333,0.2,50.0,0.02,47.0,2.0,e,put
3.7237774170870095,12.0,0.08333333333333333,0.2,50.0,0.02,48.0,2.0,e,put
4.12671218265329,12.0,0.08333333333333333,0.2,50.0,0.02,49.0,2.0,e,put
4.529646948219578,12.0,0.08333333333333333,0.2,50.0,0.02,50.0,2.0,e,put
5.0874420027991185,12.0,0.08333333333333333,0.2,50.0,0.02,51.0,2.0,e,put
5.645237057378659,12.0,0.08333333333333333,0.2,50.0,0.02,52.0,2.0,e,put
6.203032111958198,12.0,0.08333333333333333,0.2,50.0,0.02,53.0,2.0,e,put
6.7608271665377435,12.0,0.08333333333333333,0.2,50.0,0.02,54.0,2.0,e,put
7.318622221117284,12.0,0.08333333333333333,0.2,50.0,0.02,55.0,2.0,e,put
7.8764172756968245,12.0,0.08333333333333333,0.2,50.0,0.02,56.0,2.0,e,put
8.560004119742448,12.0,0.08333333333333333,0.2,50.0,0.02,57.0,2.0,e,put
9.260751719562135,12.0,0.08333333333333333,0.2,50.0,0.02,58.0,2.0,e,put
9.96149931938182,12.0,0.08333333333333333,0.2,50.0,0.02,59.0,2.0,e,put
10.662246919201507,12.0,0.08333333333333333,0.2,50.0,0.02,60.0,2.0,e,put
11.362994519021193,12.0,0.08333333333333333,0.2,50.0,0.02,61.0,2.0,e,put
12.063742118840883,12.0,0.08333333333333333,0.2,50.0,0.02,62.0,2.0,e,put
12.765704014957246,12.0,0.08333333333333333,0.2,50.0,0.02,63.0,2.0,e,put
13.57877507527128,12.0,0.08333333333333333,0.2,50.0,0.02,64.0,2.0,e,put
14.391846135585316,12.0,0.08333333333333333,0.2,50.0,0.02,65.0,2.0,e,put
15.204917195899355,12.0,0.08333333333333333,0.2,50.0,0.02,66.0,2.0,e,put
16.017988256213386,12.0,0.08333333333333333,0.2,50.0,0.02,67.0,2.0,e,put
16.83105931652742,12.0,0.08333333333333333,0.2,50.0,0.02,68.0,2.0,e,put
17.64413037684145,12.0,0.08333333333333333,0.2,50.0,0.02,69.0,2.0,e,put
18.45720143715549,12.0,0.08333333333333333,0.2,50.0,0.02,70.0,2.0,e,put
19.29280359137267,12.0,0.08333333333333333,0.2,50.0,0.02,71.0,2.0,e,put
20.180759361106652,12.0,0.08333333333333333,0.2,50.0,0.02,72.0,2.0,e,put
21.068715130840616,12.0,0.08333333333333333,0.2,50.0,0.02,73.0,2.0,e,put
21.95667090057459,12.0,0.08333333333333333,0.2,50.0,0.02,74.0,2.0,e,put
22.84462667030857,12.0,0.08333333333333333,0.2,50.0,0.02,75.0,2.0,e,put
23.73258244004254,12.0,0.08333333333333333,0.2,50.0,0.02,76.0,2.0,e,put
24.62053820977652,12.0,0.08333333333333333,0.2,50.0,0.02,77.0,2.0,e,put
25.50849397951049,12.0,0.08333333333333333,0.2,50.0,0.02,78.0,2.0,e,put
26.396449749244457,12.0,0.08333333333333333,0.2,50.0,0.02,79.0,2.0,e,put
0.34691060163485204,12.0,0.08333333333333333,0.25,50.0,0.02,30.0,2.0,e,put
0.42888101822229197,12.0,0.08333333333333333,0.25,50.0,0.02,31.0,2.0,e,put
0.5108514348097319,12.0,0.08333333333333333,0.25,50.0,0.02,32.0,2.0,e,put
0.6390574964001257,12.0,0.08333333333333333,0.25,50.0,0.02,33.0,2.0,e,put
0.8018047657354339,12.0,0.08333333333333333,0.25,50.0,0.02,34.0,2.0,e,put
0.9645520350707418,12.0,0.08333333333333333,0.25,50.0,0.02,35.0,2.0,e,put
1.12729930440605,12.0,0.08333333333333333,0.25,50.0,0.02,36.0,2.0,e,put
1.2900465737413582,12.0,0.08333333333333333,0.25,50.0,0.02,37.0,2.0,e,put
1.5162188347144723,12.0,0.08333333333333333,0.25,50.0,0.02,38.0,2.0,e,put
1.7970272945433343,12.0,0.08333333333333333,0.25,50.0,0.02,39.0,2.0,e,put
2.077835754372197,12.0,0.08333333333333333,0.25,50.0,0.02,40.0,2.0,e,put
2.358644214201059,12.0,0.08333333333333333,0.25,50.0,0.02,41.0,2.0,e,put
2.639452674029921,12.0,0.08333333333333333,0.25,50.0,0.02,42.0,2.0,e,put
2.9202611338587836,12.0,0.08333333333333333,0.25,50.0,0.02,43.0,2.0,e,put
3.306517900763363,12.0,0.08333333333333333,0.25,50.0,0.02,44.0,2.0,e,put
3.7337366097876172,12.0,0.08333333333333333,0.25,50.0,0.02,45.0,2.0,e,put
4.160955318811869,12.0,0.08333333333333333,0.25,50.0,0.02,46.0,2.0,e,put
4.588174027836121,12.0,0.08333333333333333,0.25,50.0,0.02,47.0,2.0,e,put
5.0153927368603775,12.0,0.08333333333333333,0.25,50.0,0.02,48.0,2.0,e,put
5.442611445884629,12.0,0.08333333333333333,0.25,50.0,0.02,49.0,2.0,e,put
5.86983015490888,12.0,0.08333333333333333,0.25,50.0,0.02,50.0,2.0,e,put
6.451596567831701,12.0,0.08333333333333333,0.25,50.0,0.02,51.0,2.0,e,put
7.0333629807545295,12.0,0.08333333333333333,0.25,50.0,0.02,52.0,2.0,e,put
7.61512939367736,12.0,0.08333333333333333,0.25,50.0,0.02,53.0,2.0,e,put
8.196895806600187,12.0,0.08333333333333333,0.25,50.0,0.02,54.0,2.0,e,put
8.778662219523012,12.0,0.08333333333333333,0.25,50.0,0.02,55.0,2.0,e,put
9.36042863244584,12.0,0.08333333333333333,0.25,50.0,0.02,56.0,2.0,e,put
9.942195045368674,12.0,0.08333333333333333,0.25,50.0,0.02,57.0,2.0,e,put
10.556808087338803,12.0,0.08333333333333333,0.25,50.0,0.02,58.0,2.0,e,put
11.27757918016961,12.0,0.08333333333333333,0.25,50.0,0.02,59.0,2.0,e,put
11.998350273000414,12.0,0.08333333333333333,0.25,50.0,0.02,60.0,2.0,e,put
12.719121365831223,12.0,0.08333333333333333,0.25,50.0,0.02,61.0,2.0,e,put
13.43989245866203,12.0,0.08333333333333333,0.25,50.0,0.02,62.0,2.0,e,put
14.160663551492839,12.0,0.08333333333333333,0.25,50.0,0.02,63.0,2.0,e,put
14.881434644323651,12.0,0.08333333333333333,0.25,50.0,0.02,64.0,2.0,e,put
15.602205737154447,12.0,0.08333333333333333,0.25,50.0,0.02,65.0,2.0,e,put
16.322976829985265,12.0,0.08333333333333333,0.25,50.0,0.02,66.0,2.0,e,put
17.072172297949173,12.0,0.08333333333333333,0.25,50.0,0.02,67.0,2.0,e,put
17.89936333883042,12.0,0.08333333333333333,0.25,50.0,0.02,68.0,2.0,e,put
18.726554379711665,12.0,0.08333333333333333,0.25,50.0,0.02,69.0,2.0,e,put
19.55374542059291,12.0,0.08333333333333333,0.25,50.0,0.02,70.0,2.0,e,put
20.380936461474153,12.0,0.08333333333333333,0.25,50.0,0.02,71.0,2.0,e,put
21.208127502355396,12.0,0.08333333333333333,0.25,50.0,0.02,72.0,2.0,e,put
22.03531854323665,12.0,0.08333333333333333,0.25,50.0,0.02,73.0,2.0,e,put
22.86250958411789,12.0,0.08333333333333333,0.25,50.0,0.02,74.0,2.0,e,put
23.68970062499914,12.0,0.08333333333333333,0.25,50.0,0.02,75.0,2.0,e,put
24.516891665880383,12.0,0.08333333333333333,0.25,50.0,0.02,76.0,2.0,e,put
25.344082706761636,12.0,0.08333333333333333,0.25,50.0,0.02,77.0,2.0,e,put
26.23385005965108,12.0,0.08333333333333333,0.25,50.0,0.02,78.0,2.0,e,put
27.1301701769485,12.0,0.08333333333333333,0.25,50.0,0.02,79.0,2.0,e,put
0.6967038718169642,12.0,0.08333333333333333,0.3,50.0,0.02,30.0,2.0,e,put
0.873026155483295,12.0,0.08333333333333333,0.3,50.0,0.02,31.0,2.0,e,put
1.0493484391496255,12.0,0.08333333333333333,0.3,50.0,0.02,32.0,2.0,e,put
1.225670722815956,12.0,0.08333333333333333,0.3,50.0,0.02,33.0,2.0,e,put
1.4019930064822865,12.0,0.08333333333333333,0.3,50.0,0.02,34.0,2.0,e,put
1.578315290148617,12.0,0.08333333333333333,0.3,50.0,0.02,35.0,2.0,e,put
1.8330918244880503,12.0,0.08333333333333333,0.3,50.0,0.02,36.0,2.0,e,put
2.1322133150464335,12.0,0.08333333333333333,0.3,50.0,0.02,37.0,2.0,e,put
2.4313348056048163,12.0,0.08333333333333333,0.3,50.0,0.02,38.0,2.0,e,put
2.7304562961632004,12.0,0.08333333333333333,0.3,50.0,0.02,39.0,2.0,e,put
3.0295777867215836,12.0,0.08333333333333333,0.3,50.0,0.02,40.0,2.0,e,put
3.3286992772799655,12.0,0.08333333333333333,0.3,50.0,0.02,41.0,2.0,e,put
3.6278207678383487,12.0,0.08333333333333333,0.3,50.0,0.02,42.0,2.0,e,put
4.068707025071621,12.0,0.08333333333333333,0.3,50.0,0.02,43.0,2.0,e,put
4.516781229307369,12.0,0.08333333333333333,0.3,50.0,0.02,44.0,2.0,e,put
4.964855433543114,12.0,0.08333333333333333,0.3,50.0,0.02,45.0,2.0,e,put
5.412929637778864,12.0,0.08333333333333333,0.3,50.0,0.02,46.0,2.0,e,put
5.861003842014609,12.0,0.08333333333333333,0.3,50.0,0.02,47.0,2.0,e,put
6.309078046250359,12.0,0.08333333333333333,0.3,50.0,0.02,48.0,2.0,e,put
6.7571522504861035,12.0,0.08333333333333333,0.3,50.0,0.02,49.0,2.0,e,put
7.205226454721854,12.0,0.08333333333333333,0.3,50.0,0.02,50.0,2.0,e,put
7.807090636451961,12.0,0.08333333333333333,0.3,50.0,0.02,51.0,2.0,e,put
8.408954818182066,12.0,0.08333333333333333,0.3,50.0,0.02,52.0,2.0,e,put
9.010818999912177,12.0,0.08333333333333333,0.3,50.0,0.02,53.0,2.0,e,put
9.61268318164228,12.0,0.08333333333333333,0.3,50.0,0.02,54.0,2.0,e,put
10.214547363372384,12.0,0.08333333333333333,0.3,50.0,0.02,55.0,2.0,e,put
10.816411545102492,12.0,0.08333333333333333,0.3,50.0,0.02,56.0,2.0,e,put
11.418275726832599,12.0,0.08333333333333333,0.3,50.0,0.02,57.0,2.0,e,put
12.020139908562706,12.0,0.08333333333333333,0.3,50.0,0.02,58.0,2.0,e,put
12.62200409029281,12.0,0.08333333333333333,0.3,50.0,0.02,59.0,2.0,e,put
13.297537066982132,12.0,0.08333333333333333,0.3,50.0,0.02,60.0,2.0,e,put
14.034696774414261,12.0,0.08333333333333333,0.3,50.0,0.02,61.0,2.0,e,put
14.771856481846392,12.0,0.08333333333333333,0.3,50.0,0.02,62.0,2.0,e,put
15.509016189278523,12.0,0.08333333333333333,0.3,50.0,0.02,63.0,2.0,e,put
16.246175896710653,12.0,0.08333333333333333,0.3,50.0,0.02,64.0,2.0,e,put
16.983335604142784,12.0,0.08333333333333333,0.3,50.0,0.02,65.0,2.0,e,put
17.720495311574915,12.0,0.08333333333333333,0.3,50.0,0.02,66.0,2.0,e,put
18.457655019007042,12.0,0.08333333333333333,0.3,50.0,0.02,67.0,2.0,e,put
19.194814726439173,12.0,0.08333333333333333,0.3,50.0,0.02,68.0,2.0,e,put
19.9319744338713,12.0,0.08333333333333333,0.3,50.0,0.02,69.0,2.0,e,put
20.669134141303434,12.0,0.08333333333333333,0.3,50.0,0.02,70.0,2.0,e,put
21.43677663914346,12.0,0.08333333333333333,0.3,50.0,0.02,71.0,2.0,e,put
22.2752494435702,12.0,0.08333333333333333,0.3,50.0,0.02,72.0,2.0,e,put
23.113722247996947,12.0,0.08333333333333333,0.3,50.0,0.02,73.0,2.0,e,put
23.95219505242369,12.0,0.08333333333333333,0.3,50.0,0.02,74.0,2.0,e,put
24.790667856850437,12.0,0.08333333333333333,0.3,50.0,0.02,75.0,2.0,e,put
25.629140661277177,12.0,0.08333333333333333,0.3,50.0,0.02,76.0,2.0,e,put
26.46761346570392,12.0,0.08333333333333333,0.3,50.0,0.02,77.0,2.0,e,put
27.30608627013066,12.0,0.08333333333333333,0.3,50.0,0.02,78.0,2.0,e,put
28.144559074557417,12.0,0.08333333333333333,0.3,50.0,0.02,79.0,2.0,e,put
