sredni_czas,odw_t,t,sigma,S_0,r,K,T,opcja,wersja
0.0,1,1.0,0.03,50,0.02,48,2,a,call
0.0,2,0.5,0.03,50,0.02,48,2,a,call
0.0,3,0.3333333333333333,0.03,50,0.02,48,2,a,call
0.0,4,0.25,0.03,50,0.02,48,2,a,call
0.0,5,0.2,0.03,50,0.02,48,2,a,call
0.0,6,0.16666666666666666,0.03,50,0.02,48,2,a,call
0.0,7,0.14285714285714285,0.03,50,0.02,48,2,a,call
0.0,8,0.125,0.03,50,0.02,48,2,a,call
0.0,9,0.1111111111111111,0.03,50,0.02,48,2,a,call
0.0,10,0.1,0.03,50,0.02,48,2,a,call
0.0,11,0.09090909090909091,0.03,50,0.02,48,2,a,call
0.0,12,0.08333333333333333,0.03,50,0.02,48,2,a,call
0.0,13,0.07692307692307693,0.03,50,0.02,48,2,a,call
0.0,14,0.07142857142857142,0.03,50,0.02,48,2,a,call
0.0,15,0.06666666666666667,0.03,50,0.02,48,2,a,call
0.0004979372024536133,16,0.0625,0.03,50,0.02,48,2,a,call
0.0,17,0.058823529411764705,0.03,50,0.02,48,2,a,call
0.0,18,0.05555555555555555,0.03,50,0.02,48,2,a,call
0.0004990100860595703,19,0.05263157894736842,0.03,50,0.02,48,2,a,call
0.0,20,0.05,0.03,50,0.02,48,2,a,call
0.0,21,0.047619047619047616,0.03,50,0.02,48,2,a,call
0.0,22,0.045454545454545456,0.03,50,0.02,48,2,a,call
0.0004944801330566406,23,0.043478260869565216,0.03,50,0.02,48,2,a,call
0.0,24,0.041666666666666664,0.03,50,0.02,48,2,a,call
0.0,25,0.04,0.03,50,0.02,48,2,a,call
0.0,26,0.038461538461538464,0.03,50,0.02,48,2,a,call
0.000508427619934082,27,0.037037037037037035,0.03,50,0.02,48,2,a,call
0.0011456012725830078,28,0.03571428571428571,0.03,50,0.02,48,2,a,call
0.0,29,0.034482758620689655,0.03,50,0.02,48,2,a,call
0.0,30,0.03333333333333333,0.03,50,0.02,48,2,a,call
0.0,31,0.03225806451612903,0.03,50,0.02,48,2,a,call
0.0019425153732299805,32,0.03125,0.03,50,0.02,48,2,a,call
0.003012418746948242,33,0.030303030303030304,0.03,50,0.02,48,2,a,call
0.0,34,0.029411764705882353,0.03,50,0.02,48,2,a,call
0.0,35,0.02857142857142857,0.03,50,0.02,48,2,a,call
0.0,36,0.027777777777777776,0.03,50,0.02,48,2,a,call
0.0010474920272827148,37,0.02702702702702703,0.03,50,0.02,48,2,a,call
0.0,38,0.02631578947368421,0.03,50,0.02,48,2,a,call
0.004012346267700195,39,0.02564102564102564,0.03,50,0.02,48,2,a,call
0.0,40,0.025,0.03,50,0.02,48,2,a,call
0.0,41,0.024390243902439025,0.03,50,0.02,48,2,a,call
0.0,42,0.023809523809523808,0.03,50,0.02,48,2,a,call
0.0,43,0.023255813953488372,0.03,50,0.02,48,2,a,call
0.0,44,0.022727272727272728,0.03,50,0.02,48,2,a,call
0.0,45,0.022222222222222223,0.03,50,0.02,48,2,a,call
0.0,46,0.021739130434782608,0.03,50,0.02,48,2,a,call
0.0,47,0.02127659574468085,0.03,50,0.02,48,2,a,call
0.0,48,0.020833333333333332,0.03,50,0.02,48,2,a,call
0.0,49,0.02040816326530612,0.03,50,0.02,48,2,a,call
0.0,50,0.02,0.03,50,0.02,48,2,a,call
0.005064249038696289,51,0.0196078431372549,0.03,50,0.02,48,2,a,call
0.0,52,0.019230769230769232,0.03,50,0.02,48,2,a,call
0.0032889842987060547,53,0.018867924528301886,0.03,50,0.02,48,2,a,call
0.0,54,0.018518518518518517,0.03,50,0.02,48,2,a,call
0.0,55,0.01818181818181818,0.03,50,0.02,48,2,a,call
0.005080699920654297,56,0.017857142857142856,0.03,50,0.02,48,2,a,call
0.00025594234466552734,57,0.017543859649122806,0.03,50,0.02,48,2,a,call
0.0033075809478759766,58,0.017241379310344827,0.03,50,0.02,48,2,a,call
0.0,59,0.01694915254237288,0.03,50,0.02,48,2,a,call
0.0,60,0.016666666666666666,0.03,50,0.02,48,2,a,call
0.0,61,0.01639344262295082,0.03,50,0.02,48,2,a,call
0.0049484968185424805,62,0.016129032258064516,0.03,50,0.02,48,2,a,call
0.0,63,0.015873015873015872,0.03,50,0.02,48,2,a,call
0.005156159400939941,64,0.015625,0.03,50,0.02,48,2,a,call
0.0,65,0.015384615384615385,0.03,50,0.02,48,2,a,call
0.004825472831726074,66,0.015151515151515152,0.03,50,0.02,48,2,a,call
0.001494765281677246,67,0.014925373134328358,0.03,50,0.02,48,2,a,call
0.004666924476623535,68,0.014705882352941176,0.03,50,0.02,48,2,a,call
0.0,69,0.014492753623188406,0.03,50,0.02,48,2,a,call
0.002496480941772461,70,0.014285714285714285,0.03,50,0.02,48,2,a,call
0.0014957189559936523,71,0.014084507042253521,0.03,50,0.02,48,2,a,call
0.002108931541442871,72,0.013888888888888888,0.03,50,0.02,48,2,a,call
0.0,73,0.0136986301369863,0.03,50,0.02,48,2,a,call
0.006716370582580566,74,0.013513513513513514,0.03,50,0.02,48,2,a,call
0.0014958381652832031,75,0.013333333333333334,0.03,50,0.02,48,2,a,call
0.0019947290420532227,76,0.013157894736842105,0.03,50,0.02,48,2,a,call
0.0019937753677368164,77,0.012987012987012988,0.03,50,0.02,48,2,a,call
0.0014954805374145508,78,0.01282051282051282,0.03,50,0.02,48,2,a,call
0.0019948482513427734,79,0.012658227848101266,0.03,50,0.02,48,2,a,call
0.0024298429489135742,80,0.0125,0.03,50,0.02,48,2,a,call
0.001495361328125,81,0.012345679012345678,0.03,50,0.02,48,2,a,call
0.001994609832763672,82,0.012195121951219513,0.03,50,0.02,48,2,a,call
0.001009225845336914,83,0.012048192771084338,0.03,50,0.02,48,2,a,call
0.0032787322998046875,84,0.011904761904761904,0.03,50,0.02,48,2,a,call
0.00250399112701416,85,0.011764705882352941,0.03,50,0.02,48,2,a,call
0.002535104751586914,86,0.011627906976744186,0.03,50,0.02,48,2,a,call
0.0,87,0.011494252873563218,0.03,50,0.02,48,2,a,call
0.0,88,0.011363636363636364,0.03,50,0.02,48,2,a,call
0.0025293827056884766,89,0.011235955056179775,0.03,50,0.02,48,2,a,call
0.0025044679641723633,90,0.011111111111111112,0.03,50,0.02,48,2,a,call
0.0025368928909301758,91,0.01098901098901099,0.03,50,0.02,48,2,a,call
0.0,92,0.010869565217391304,0.03,50,0.02,48,2,a,call
0.0025038719177246094,93,0.010752688172043012,0.03,50,0.02,48,2,a,call
0.0025900602340698242,94,0.010638297872340425,0.03,50,0.02,48,2,a,call
0.0,95,0.010526315789473684,0.03,50,0.02,48,2,a,call
0.0,96,0.010416666666666666,0.03,50,0.02,48,2,a,call
0.005005836486816406,97,0.010309278350515464,0.03,50,0.02,48,2,a,call
0.0025044679641723633,98,0.01020408163265306,0.03,50,0.02,48,2,a,call
0.002504110336303711,99,0.010101010101010102,0.03,50,0.02,48,2,a,call
0.002539515495300293,100,0.01,0.03,50,0.02,48,2,a,call
0.0025042295455932617,101,0.009900990099009901,0.03,50,0.02,48,2,a,call
0.0025037527084350586,102,0.00980392156862745,0.03,50,0.02,48,2,a,call
0.0025290250778198242,103,0.009708737864077669,0.03,50,0.02,48,2,a,call
0.0025305747985839844,104,0.009615384615384616,0.03,50,0.02,48,2,a,call
0.002504110336303711,105,0.009523809523809525,0.03,50,0.02,48,2,a,call
0.0025511980056762695,106,0.009433962264150943,0.03,50,0.02,48,2,a,call
0.0022895336151123047,107,0.009345794392523364,0.03,50,0.02,48,2,a,call
0.0025038719177246094,108,0.009259259259259259,0.03,50,0.02,48,2,a,call
0.002503633499145508,109,0.009174311926605505,0.03,50,0.02,48,2,a,call
0.0025283098220825195,110,0.00909090909090909,0.03,50,0.02,48,2,a,call
0.002527952194213867,111,0.009009009009009009,0.03,50,0.02,48,2,a,call
0.002503633499145508,112,0.008928571428571428,0.03,50,0.02,48,2,a,call
0.0025038719177246094,113,0.008849557522123894,0.03,50,0.02,48,2,a,call
0.0025304555892944336,114,0.008771929824561403,0.03,50,0.02,48,2,a,call
0.007324099540710449,115,0.008695652173913044,0.03,50,0.02,48,2,a,call
0.005042076110839844,116,0.008620689655172414,0.03,50,0.02,48,2,a,call
0.002524852752685547,117,0.008547008547008548,0.03,50,0.02,48,2,a,call
0.005027294158935547,118,0.00847457627118644,0.03,50,0.02,48,2,a,call
0.005014777183532715,119,0.008403361344537815,0.03,50,0.02,48,2,a,call
0.00250244140625,120,0.008333333333333333,0.03,50,0.02,48,2,a,call
0.0025022029876708984,121,0.008264462809917356,0.03,50,0.02,48,2,a,call
0.005028247833251953,122,0.00819672131147541,0.03,50,0.02,48,2,a,call
0.0025435686111450195,123,0.008130081300813009,0.03,50,0.02,48,2,a,call
0.005032181739807129,124,0.008064516129032258,0.03,50,0.02,48,2,a,call
0.005014657974243164,125,0.008,0.03,50,0.02,48,2,a,call
0.004776120185852051,126,0.007936507936507936,0.03,50,0.02,48,2,a,call
0.005219101905822754,127,0.007874015748031496,0.03,50,0.02,48,2,a,call
0.004790186882019043,128,0.0078125,0.03,50,0.02,48,2,a,call
0.0,129,0.007751937984496124,0.03,50,0.02,48,2,a,call
0.002256035804748535,130,0.007692307692307693,0.03,50,0.02,48,2,a,call
0.0,131,0.007633587786259542,0.03,50,0.02,48,2,a,call
0.005039215087890625,132,0.007575757575757576,0.03,50,0.02,48,2,a,call
0.0051577091217041016,133,0.007518796992481203,0.03,50,0.02,48,2,a,call
0.004811882972717285,134,0.007462686567164179,0.03,50,0.02,48,2,a,call
0.00752413272857666,135,0.007407407407407408,0.03,50,0.02,48,2,a,call
0.005032896995544434,136,0.007352941176470588,0.03,50,0.02,48,2,a,call
0.00502324104309082,137,0.0072992700729927005,0.03,50,0.02,48,2,a,call
0.00950002670288086,138,0.007246376811594203,0.03,50,0.02,48,2,a,call
0.007422089576721191,139,0.007194244604316547,0.03,50,0.02,48,2,a,call
0.006059527397155762,140,0.007142857142857143,0.03,50,0.02,48,2,a,call
0.006160736083984375,141,0.0070921985815602835,0.03,50,0.02,48,2,a,call
0.006292462348937988,142,0.007042253521126761,0.03,50,0.02,48,2,a,call
0.005031466484069824,143,0.006993006993006993,0.03,50,0.02,48,2,a,call
0.005062103271484375,144,0.006944444444444444,0.03,50,0.02,48,2,a,call
0.00987088680267334,145,0.006896551724137931,0.03,50,0.02,48,2,a,call
0.005159139633178711,146,0.00684931506849315,0.03,50,0.02,48,2,a,call
0.004987835884094238,147,0.006802721088435374,0.03,50,0.02,48,2,a,call
0.005029559135437012,148,0.006756756756756757,0.03,50,0.02,48,2,a,call
0.00773465633392334,149,0.006711409395973154,0.03,50,0.02,48,2,a,call
0.007492661476135254,150,0.006666666666666667,0.03,50,0.02,48,2,a,call
0.0047986507415771484,151,0.006622516556291391,0.03,50,0.02,48,2,a,call
0.010080695152282715,152,0.006578947368421052,0.03,50,0.02,48,2,a,call
0.007423520088195801,153,0.006535947712418301,0.03,50,0.02,48,2,a,call
0.007696986198425293,154,0.006493506493506494,0.03,50,0.02,48,2,a,call
0.004786968231201172,155,0.0064516129032258064,0.03,50,0.02,48,2,a,call
0.010055065155029297,156,0.00641025641025641,0.03,50,0.02,48,2,a,call
0.009977102279663086,157,0.006369426751592357,0.03,50,0.02,48,2,a,call
0.005330920219421387,158,0.006329113924050633,0.03,50,0.02,48,2,a,call
0.00521695613861084,159,0.006289308176100629,0.03,50,0.02,48,2,a,call
0.007332801818847656,160,0.00625,0.03,50,0.02,48,2,a,call
0.007539629936218262,161,0.006211180124223602,0.03,50,0.02,48,2,a,call
0.010047554969787598,162,0.006172839506172839,0.03,50,0.02,48,2,a,call
0.0050476789474487305,163,0.006134969325153374,0.03,50,0.02,48,2,a,call
0.009896636009216309,164,0.006097560975609756,0.03,50,0.02,48,2,a,call
0.004867196083068848,165,0.006060606060606061,0.03,50,0.02,48,2,a,call
0.005123019218444824,166,0.006024096385542169,0.03,50,0.02,48,2,a,call
0.01241612434387207,167,0.005988023952095809,0.03,50,0.02,48,2,a,call
0.005163669586181641,168,0.005952380952380952,0.03,50,0.02,48,2,a,call
0.014896273612976074,169,0.005917159763313609,0.03,50,0.02,48,2,a,call
0.012552142143249512,170,0.0058823529411764705,0.03,50,0.02,48,2,a,call
0.009808778762817383,171,0.005847953216374269,0.03,50,0.02,48,2,a,call
0.00759279727935791,172,0.005813953488372093,0.03,50,0.02,48,2,a,call
0.010617852210998535,173,0.005780346820809248,0.03,50,0.02,48,2,a,call
0.0117950439453125,174,0.005747126436781609,0.03,50,0.02,48,2,a,call
0.010074019432067871,175,0.005714285714285714,0.03,50,0.02,48,2,a,call
0.012461066246032715,176,0.005681818181818182,0.03,50,0.02,48,2,a,call
0.01008903980255127,177,0.005649717514124294,0.03,50,0.02,48,2,a,call
0.01011812686920166,178,0.0056179775280898875,0.03,50,0.02,48,2,a,call
0.009826064109802246,179,0.00558659217877095,0.03,50,0.02,48,2,a,call
0.01253807544708252,180,0.005555555555555556,0.03,50,0.02,48,2,a,call
0.01006007194519043,181,0.0055248618784530384,0.03,50,0.02,48,2,a,call
0.010598301887512207,182,0.005494505494505495,0.03,50,0.02,48,2,a,call
0.010066628456115723,183,0.00546448087431694,0.03,50,0.02,48,2,a,call
0.010068416595458984,184,0.005434782608695652,0.03,50,0.02,48,2,a,call
0.012388944625854492,185,0.005405405405405406,0.03,50,0.02,48,2,a,call
0.010859370231628418,186,0.005376344086021506,0.03,50,0.02,48,2,a,call
0.014105439186096191,187,0.0053475935828877,0.03,50,0.02,48,2,a,call
0.012694835662841797,188,0.005319148936170213,0.03,50,0.02,48,2,a,call
0.012570619583129883,189,0.005291005291005291,0.03,50,0.02,48,2,a,call
0.01491248607635498,190,0.005263157894736842,0.03,50,0.02,48,2,a,call
0.012552142143249512,191,0.005235602094240838,0.03,50,0.02,48,2,a,call
0.012592434883117676,192,0.005208333333333333,0.03,50,0.02,48,2,a,call
0.010843038558959961,193,0.0051813471502590676,0.03,50,0.02,48,2,a,call
0.014189362525939941,194,0.005154639175257732,0.03,50,0.02,48,2,a,call
0.014981985092163086,195,0.005128205128205128,0.03,50,0.02,48,2,a,call
0.010006546974182129,196,0.00510204081632653,0.03,50,0.02,48,2,a,call
0.014765024185180664,197,0.005076142131979695,0.03,50,0.02,48,2,a,call
0.01497948169708252,198,0.005050505050505051,0.03,50,0.02,48,2,a,call
0.012574434280395508,199,0.005025125628140704,0.03,50,0.02,48,2,a,call
0.012503623962402344,200,0.005,0.03,50,0.02,48,2,a,call
0.014985203742980957,201,0.004975124378109453,0.03,50,0.02,48,2,a,call
0.015057563781738281,202,0.0049504950495049506,0.03,50,0.02,48,2,a,call
0.01488041877746582,203,0.0049261083743842365,0.03,50,0.02,48,2,a,call
0.011042237281799316,204,0.004901960784313725,0.03,50,0.02,48,2,a,call
0.010026216506958008,205,0.004878048780487805,0.03,50,0.02,48,2,a,call
0.014938950538635254,206,0.0048543689320388345,0.03,50,0.02,48,2,a,call
0.012605428695678711,207,0.004830917874396135,0.03,50,0.02,48,2,a,call
0.014932751655578613,208,0.004807692307692308,0.03,50,0.02,48,2,a,call
0.012559652328491211,209,0.004784688995215311,0.03,50,0.02,48,2,a,call
0.014840483665466309,210,0.004761904761904762,0.03,50,0.02,48,2,a,call
0.012645602226257324,211,0.004739336492890996,0.03,50,0.02,48,2,a,call
0.014876961708068848,212,0.0047169811320754715,0.03,50,0.02,48,2,a,call
0.0151749849319458,213,0.004694835680751174,0.03,50,0.02,48,2,a,call
0.024955391883850098,214,0.004672897196261682,0.03,50,0.02,48,2,a,call
0.014963865280151367,215,0.004651162790697674,0.03,50,0.02,48,2,a,call
0.01508951187133789,216,0.004629629629629629,0.03,50,0.02,48,2,a,call
0.014878392219543457,217,0.004608294930875576,0.03,50,0.02,48,2,a,call
0.020134925842285156,218,0.0045871559633027525,0.03,50,0.02,48,2,a,call
0.019850611686706543,219,0.0045662100456621,0.03,50,0.02,48,2,a,call
0.014925837516784668,220,0.004545454545454545,0.03,50,0.02,48,2,a,call
0.020147085189819336,221,0.004524886877828055,0.03,50,0.02,48,2,a,call
0.01253199577331543,222,0.0045045045045045045,0.03,50,0.02,48,2,a,call
0.014978647232055664,223,0.004484304932735426,0.03,50,0.02,48,2,a,call
0.019967317581176758,224,0.004464285714285714,0.03,50,0.02,48,2,a,call
0.02018594741821289,225,0.0044444444444444444,0.03,50,0.02,48,2,a,call
0.01730954647064209,226,0.004424778761061947,0.03,50,0.02,48,2,a,call
0.01524960994720459,227,0.004405286343612335,0.03,50,0.02,48,2,a,call
0.012568473815917969,228,0.0043859649122807015,0.03,50,0.02,48,2,a,call
0.014832139015197754,229,0.004366812227074236,0.03,50,0.02,48,2,a,call
0.017497539520263672,230,0.004347826086956522,0.03,50,0.02,48,2,a,call
0.017489194869995117,231,0.004329004329004329,0.03,50,0.02,48,2,a,call
0.017554521560668945,232,0.004310344827586207,0.03,50,0.02,48,2,a,call
0.015109658241271973,233,0.004291845493562232,0.03,50,0.02,48,2,a,call
0.017491817474365234,234,0.004273504273504274,0.03,50,0.02,48,2,a,call
0.01740086078643799,235,0.00425531914893617,0.03,50,0.02,48,2,a,call
0.016392827033996582,236,0.00423728813559322,0.03,50,0.02,48,2,a,call
0.0176771879196167,237,0.004219409282700422,0.03,50,0.02,48,2,a,call
0.017409682273864746,238,0.004201680672268907,0.03,50,0.02,48,2,a,call
0.01992213726043701,239,0.0041841004184100415,0.03,50,0.02,48,2,a,call
0.020066261291503906,240,0.004166666666666667,0.03,50,0.02,48,2,a,call
0.021449923515319824,241,0.004149377593360996,0.03,50,0.02,48,2,a,call
0.021095871925354004,242,0.004132231404958678,0.03,50,0.02,48,2,a,call
0.022382736206054688,243,0.00411522633744856,0.03,50,0.02,48,2,a,call
0.017609119415283203,244,0.004098360655737705,0.03,50,0.02,48,2,a,call
0.022451162338256836,245,0.004081632653061225,0.03,50,0.02,48,2,a,call
0.01995551586151123,246,0.0040650406504065045,0.03,50,0.02,48,2,a,call
0.022500276565551758,247,0.004048582995951417,0.03,50,0.02,48,2,a,call
0.021529555320739746,248,0.004032258064516129,0.03,50,0.02,48,2,a,call
0.02086198329925537,249,0.004016064257028112,0.03,50,0.02,48,2,a,call
0.020158767700195312,250,0.004,0.03,50,0.02,48,2,a,call
0.01994919776916504,251,0.00398406374501992,0.03,50,0.02,48,2,a,call
0.02243208885192871,252,0.003968253968253968,0.03,50,0.02,48,2,a,call
0.022469162940979004,253,0.003952569169960474,0.03,50,0.02,48,2,a,call
0.020153403282165527,254,0.003937007874015748,0.03,50,0.02,48,2,a,call
0.019885778427124023,255,0.00392156862745098,0.03,50,0.02,48,2,a,call
0.024962663650512695,256,0.00390625,0.03,50,0.02,48,2,a,call
0.02515387535095215,257,0.0038910505836575876,0.03,50,0.02,48,2,a,call
0.02236318588256836,258,0.003875968992248062,0.03,50,0.02,48,2,a,call
0.027400732040405273,259,0.003861003861003861,0.03,50,0.02,48,2,a,call
0.0251542329788208,260,0.0038461538461538464,0.03,50,0.02,48,2,a,call
0.025067687034606934,261,0.0038314176245210726,0.03,50,0.02,48,2,a,call
0.022282838821411133,262,0.003816793893129771,0.03,50,0.02,48,2,a,call
0.024979591369628906,263,0.0038022813688212928,0.03,50,0.02,48,2,a,call
0.02504873275756836,264,0.003787878787878788,0.03,50,0.02,48,2,a,call
0.022693872451782227,265,0.0037735849056603774,0.03,50,0.02,48,2,a,call
0.0248715877532959,266,0.0037593984962406013,0.03,50,0.02,48,2,a,call
0.02753770351409912,267,0.003745318352059925,0.03,50,0.02,48,2,a,call
0.024448037147521973,268,0.0037313432835820895,0.03,50,0.02,48,2,a,call
0.03312492370605469,269,0.0037174721189591076,0.03,50,0.02,48,2,a,call
0.02751338481903076,270,0.003703703703703704,0.03,50,0.02,48,2,a,call
0.02988433837890625,271,0.0036900369003690036,0.03,50,0.02,48,2,a,call
0.034868597984313965,272,0.003676470588235294,0.03,50,0.02,48,2,a,call
0.027704954147338867,273,0.003663003663003663,0.03,50,0.02,48,2,a,call
0.02502298355102539,274,0.0036496350364963502,0.03,50,0.02,48,2,a,call
0.02522718906402588,275,0.0036363636363636364,0.03,50,0.02,48,2,a,call
0.02485799789428711,276,0.0036231884057971015,0.03,50,0.02,48,2,a,call
0.03003716468811035,277,0.0036101083032490976,0.03,50,0.02,48,2,a,call
0.03332233428955078,278,0.0035971223021582736,0.03,50,0.02,48,2,a,call
0.03006601333618164,279,0.0035842293906810036,0.03,50,0.02,48,2,a,call
0.033284544944763184,280,0.0035714285714285713,0.03,50,0.02,48,2,a,call
0.03506970405578613,281,0.0035587188612099642,0.03,50,0.02,48,2,a,call
0.10217773914337158,282,0.0035460992907801418,0.03,50,0.02,48,2,a,call
0.04610013961791992,283,0.0035335689045936395,0.03,50,0.02,48,2,a,call
0.03645825386047363,284,0.0035211267605633804,0.03,50,0.02,48,2,a,call
0.032450199127197266,285,0.0035087719298245615,0.03,50,0.02,48,2,a,call
0.03387093544006348,286,0.0034965034965034965,0.03,50,0.02,48,2,a,call
0.03487288951873779,287,0.003484320557491289,0.03,50,0.02,48,2,a,call
0.03255963325500488,288,0.003472222222222222,0.03,50,0.02,48,2,a,call
0.03572344779968262,289,0.0034602076124567475,0.03,50,0.02,48,2,a,call
0.03449594974517822,290,0.0034482758620689655,0.03,50,0.02,48,2,a,call
0.03517651557922363,291,0.003436426116838488,0.03,50,0.02,48,2,a,call
0.04024946689605713,292,0.003424657534246575,0.03,50,0.02,48,2,a,call
0.030608415603637695,293,0.0034129692832764505,0.03,50,0.02,48,2,a,call
0.03375828266143799,294,0.003401360544217687,0.03,50,0.02,48,2,a,call
0.04037177562713623,295,0.003389830508474576,0.03,50,0.02,48,2,a,call
0.04081881046295166,296,0.0033783783783783786,0.03,50,0.02,48,2,a,call
0.03835463523864746,297,0.003367003367003367,0.03,50,0.02,48,2,a,call
0.03405022621154785,298,0.003355704697986577,0.03,50,0.02,48,2,a,call
0.031699538230895996,299,0.0033444816053511705,0.03,50,0.02,48,2,a,call
0.0,1,1.0,0.03,50,0.02,48,2,a,put
0.0,2,0.5,0.03,50,0.02,48,2,a,put
0.0,3,0.3333333333333333,0.03,50,0.02,48,2,a,put
0.0,4,0.25,0.03,50,0.02,48,2,a,put
0.0,5,0.2,0.03,50,0.02,48,2,a,put
0.0,6,0.16666666666666666,0.03,50,0.02,48,2,a,put
0.0,7,0.14285714285714285,0.03,50,0.02,48,2,a,put
0.0,8,0.125,0.03,50,0.02,48,2,a,put
0.0,9,0.1111111111111111,0.03,50,0.02,48,2,a,put
0.0,10,0.1,0.03,50,0.02,48,2,a,put
0.0,11,0.09090909090909091,0.03,50,0.02,48,2,a,put
0.0,12,0.08333333333333333,0.03,50,0.02,48,2,a,put
0.0,13,0.07692307692307693,0.03,50,0.02,48,2,a,put
4.088878631591797e-05,14,0.07142857142857142,0.03,50,0.02,48,2,a,put
0.0,15,0.06666666666666667,0.03,50,0.02,48,2,a,put
0.0,16,0.0625,0.03,50,0.02,48,2,a,put
3.910064697265625e-05,17,0.058823529411764705,0.03,50,0.02,48,2,a,put
0.0,18,0.05555555555555555,0.03,50,0.02,48,2,a,put
0.0,19,0.05263157894736842,0.03,50,0.02,48,2,a,put
0.0,20,0.05,0.03,50,0.02,48,2,a,put
0.0,21,0.047619047619047616,0.03,50,0.02,48,2,a,put
0.0018010139465332031,22,0.045454545454545456,0.03,50,0.02,48,2,a,put
0.0,23,0.043478260869565216,0.03,50,0.02,48,2,a,put
0.0,24,0.041666666666666664,0.03,50,0.02,48,2,a,put
0.0,25,0.04,0.03,50,0.02,48,2,a,put
0.0,26,0.038461538461538464,0.03,50,0.02,48,2,a,put
0.0,27,0.037037037037037035,0.03,50,0.02,48,2,a,put
0.0,28,0.03571428571428571,0.03,50,0.02,48,2,a,put
0.0,29,0.034482758620689655,0.03,50,0.02,48,2,a,put
0.0,30,0.03333333333333333,0.03,50,0.02,48,2,a,put
0.0,31,0.03225806451612903,0.03,50,0.02,48,2,a,put
0.0,32,0.03125,0.03,50,0.02,48,2,a,put
0.0,33,0.030303030303030304,0.03,50,0.02,48,2,a,put
0.0,34,0.029411764705882353,0.03,50,0.02,48,2,a,put
0.0017951726913452148,35,0.02857142857142857,0.03,50,0.02,48,2,a,put
0.0,36,0.027777777777777776,0.03,50,0.02,48,2,a,put
0.0004916191101074219,37,0.02702702702702703,0.03,50,0.02,48,2,a,put
0.0,38,0.02631578947368421,0.03,50,0.02,48,2,a,put
0.0,39,0.02564102564102564,0.03,50,0.02,48,2,a,put
0.0,40,0.025,0.03,50,0.02,48,2,a,put
0.00029146671295166016,41,0.024390243902439025,0.03,50,0.02,48,2,a,put
0.0,42,0.023809523809523808,0.03,50,0.02,48,2,a,put
0.0,43,0.023255813953488372,0.03,50,0.02,48,2,a,put
0.0027462244033813477,44,0.022727272727272728,0.03,50,0.02,48,2,a,put
0.0,45,0.022222222222222223,0.03,50,0.02,48,2,a,put
0.0,46,0.021739130434782608,0.03,50,0.02,48,2,a,put
0.0,47,0.02127659574468085,0.03,50,0.02,48,2,a,put
0.0009982585906982422,48,0.020833333333333332,0.03,50,0.02,48,2,a,put
0.0,49,0.02040816326530612,0.03,50,0.02,48,2,a,put
0.0,50,0.02,0.03,50,0.02,48,2,a,put
0.0,51,0.0196078431372549,0.03,50,0.02,48,2,a,put
0.0007935762405395508,52,0.019230769230769232,0.03,50,0.02,48,2,a,put
0.001615285873413086,53,0.018867924528301886,0.03,50,0.02,48,2,a,put
0.0010358095169067383,54,0.018518518518518517,0.03,50,0.02,48,2,a,put
0.0,55,0.01818181818181818,0.03,50,0.02,48,2,a,put
0.0025093555450439453,56,0.017857142857142856,0.03,50,0.02,48,2,a,put
0.0,57,0.017543859649122806,0.03,50,0.02,48,2,a,put
0.0,58,0.017241379310344827,0.03,50,0.02,48,2,a,put
0.0035071372985839844,59,0.01694915254237288,0.03,50,0.02,48,2,a,put
0.0015424489974975586,60,0.016666666666666666,0.03,50,0.02,48,2,a,put
0.0,61,0.01639344262295082,0.03,50,0.02,48,2,a,put
0.0019797086715698242,62,0.016129032258064516,0.03,50,0.02,48,2,a,put
0.0,63,0.015873015873015872,0.03,50,0.02,48,2,a,put
0.0034869909286499023,64,0.015625,0.03,50,0.02,48,2,a,put
3.814697265625e-05,65,0.015384615384615385,0.03,50,0.02,48,2,a,put
0.0020325183868408203,66,0.015151515151515152,0.03,50,0.02,48,2,a,put
0.00029098987579345703,67,0.014925373134328358,0.03,50,0.02,48,2,a,put
0.0,68,0.014705882352941176,0.03,50,0.02,48,2,a,put
0.004950881004333496,69,0.014492753623188406,0.03,50,0.02,48,2,a,put
0.0,70,0.014285714285714285,0.03,50,0.02,48,2,a,put
0.00501561164855957,71,0.014084507042253521,0.03,50,0.02,48,2,a,put
0.0,72,0.013888888888888888,0.03,50,0.02,48,2,a,put
0.001561880111694336,73,0.0136986301369863,0.03,50,0.02,48,2,a,put
0.0,74,0.013513513513513514,0.03,50,0.02,48,2,a,put
0.004048705101013184,75,0.013333333333333334,0.03,50,0.02,48,2,a,put
0.0016890764236450195,76,0.013157894736842105,0.03,50,0.02,48,2,a,put
0.0025442838668823242,77,0.012987012987012988,0.03,50,0.02,48,2,a,put
0.0,78,0.01282051282051282,0.03,50,0.02,48,2,a,put
0.0,79,0.012658227848101266,0.03,50,0.02,48,2,a,put
0.0,80,0.0125,0.03,50,0.02,48,2,a,put
0.004051685333251953,81,0.012345679012345678,0.03,50,0.02,48,2,a,put
4.494190216064453e-05,82,0.012195121951219513,0.03,50,0.02,48,2,a,put
0.004557967185974121,83,0.012048192771084338,0.03,50,0.02,48,2,a,put
0.002504110336303711,84,0.011904761904761904,0.03,50,0.02,48,2,a,put
0.002608180046081543,85,0.011764705882352941,0.03,50,0.02,48,2,a,put
0.002498149871826172,86,0.011627906976744186,0.03,50,0.02,48,2,a,put
0.0019806623458862305,87,0.011494252873563218,0.03,50,0.02,48,2,a,put
0.0020056962966918945,88,0.011363636363636364,0.03,50,0.02,48,2,a,put
0.0010453462600708008,89,0.011235955056179775,0.03,50,0.02,48,2,a,put
0.0,90,0.011111111111111112,0.03,50,0.02,48,2,a,put
0.001043081283569336,91,0.01098901098901099,0.03,50,0.02,48,2,a,put
0.00284421443939209,92,0.010869565217391304,0.03,50,0.02,48,2,a,put
0.0,93,0.010752688172043012,0.03,50,0.02,48,2,a,put
0.0013003349304199219,94,0.010638297872340425,0.03,50,0.02,48,2,a,put
0.004923105239868164,95,0.010526315789473684,0.03,50,0.02,48,2,a,put
0.0,96,0.010416666666666666,0.03,50,0.02,48,2,a,put
0.0010194778442382812,97,0.010309278350515464,0.03,50,0.02,48,2,a,put
0.004045367240905762,98,0.01020408163265306,0.03,50,0.02,48,2,a,put
0.004014253616333008,99,0.010101010101010102,0.03,50,0.02,48,2,a,put
0.0,100,0.01,0.03,50,0.02,48,2,a,put
0.00601649284362793,101,0.009900990099009901,0.03,50,0.02,48,2,a,put
0.0040416717529296875,102,0.00980392156862745,0.03,50,0.02,48,2,a,put
0.0,103,0.009708737864077669,0.03,50,0.02,48,2,a,put
0.0010113716125488281,104,0.009615384615384616,0.03,50,0.02,48,2,a,put
0.005144715309143066,105,0.009523809523809525,0.03,50,0.02,48,2,a,put
0.0036652088165283203,106,0.009433962264150943,0.03,50,0.02,48,2,a,put
0.0040923357009887695,107,0.009345794392523364,0.03,50,0.02,48,2,a,put
0.0025554895401000977,108,0.009259259259259259,0.03,50,0.02,48,2,a,put
0.0010510683059692383,109,0.009174311926605505,0.03,50,0.02,48,2,a,put
0.002418041229248047,110,0.00909090909090909,0.03,50,0.02,48,2,a,put
0.004123806953430176,111,0.009009009009009009,0.03,50,0.02,48,2,a,put
0.004386186599731445,112,0.008928571428571428,0.03,50,0.02,48,2,a,put
0.0039550065994262695,113,0.008849557522123894,0.03,50,0.02,48,2,a,put
0.006151437759399414,114,0.008771929824561403,0.03,50,0.02,48,2,a,put
0.003908634185791016,115,0.008695652173913044,0.03,50,0.02,48,2,a,put
0.002295970916748047,116,0.008620689655172414,0.03,50,0.02,48,2,a,put
0.004992127418518066,117,0.008547008547008548,0.03,50,0.02,48,2,a,put
0.003973484039306641,118,0.00847457627118644,0.03,50,0.02,48,2,a,put
0.006069302558898926,119,0.008403361344537815,0.03,50,0.02,48,2,a,put
0.005044341087341309,120,0.008333333333333333,0.03,50,0.02,48,2,a,put
0.0040857791900634766,121,0.008264462809917356,0.03,50,0.02,48,2,a,put
0.004897475242614746,122,0.00819672131147541,0.03,50,0.02,48,2,a,put
0.0049610137939453125,123,0.008130081300813009,0.03,50,0.02,48,2,a,put
0.004963040351867676,124,0.008064516129032258,0.03,50,0.02,48,2,a,put
0.005065560340881348,125,0.008,0.03,50,0.02,48,2,a,put
0.005186557769775391,126,0.007936507936507936,0.03,50,0.02,48,2,a,put
0.004815220832824707,127,0.007874015748031496,0.03,50,0.02,48,2,a,put
0.0035529136657714844,128,0.0078125,0.03,50,0.02,48,2,a,put
0.007556915283203125,129,0.007751937984496124,0.03,50,0.02,48,2,a,put
0.0066912174224853516,130,0.007692307692307693,0.03,50,0.02,48,2,a,put
0.006097078323364258,131,0.007633587786259542,0.03,50,0.02,48,2,a,put
0.002621173858642578,132,0.007575757575757576,0.03,50,0.02,48,2,a,put
0.0066405534744262695,133,0.007518796992481203,0.03,50,0.02,48,2,a,put
0.008556008338928223,134,0.007462686567164179,0.03,50,0.02,48,2,a,put
0.00479888916015625,135,0.007407407407407408,0.03,50,0.02,48,2,a,put
0.005020618438720703,136,0.007352941176470588,0.03,50,0.02,48,2,a,put
0.006278514862060547,137,0.0072992700729927005,0.03,50,0.02,48,2,a,put
0.009991884231567383,138,0.007246376811594203,0.03,50,0.02,48,2,a,put
0.009072661399841309,139,0.007194244604316547,0.03,50,0.02,48,2,a,put
0.0066258907318115234,140,0.007142857142857143,0.03,50,0.02,48,2,a,put
0.00622105598449707,141,0.0070921985815602835,0.03,50,0.02,48,2,a,put
0.01019287109375,142,0.007042253521126761,0.03,50,0.02,48,2,a,put
0.006001710891723633,143,0.006993006993006993,0.03,50,0.02,48,2,a,put
0.005554795265197754,144,0.006944444444444444,0.03,50,0.02,48,2,a,put
0.0075986385345458984,145,0.006896551724137931,0.03,50,0.02,48,2,a,put
0.00653684139251709,146,0.00684931506849315,0.03,50,0.02,48,2,a,put
0.009345054626464844,147,0.006802721088435374,0.03,50,0.02,48,2,a,put
0.00904536247253418,148,0.006756756756756757,0.03,50,0.02,48,2,a,put
0.005568504333496094,149,0.006711409395973154,0.03,50,0.02,48,2,a,put
0.009852051734924316,150,0.006666666666666667,0.03,50,0.02,48,2,a,put
0.00776219367980957,151,0.006622516556291391,0.03,50,0.02,48,2,a,put
0.0055855512619018555,152,0.006578947368421052,0.03,50,0.02,48,2,a,put
0.010105609893798828,153,0.006535947712418301,0.03,50,0.02,48,2,a,put
0.01013171672821045,154,0.006493506493506494,0.03,50,0.02,48,2,a,put
0.009049415588378906,155,0.0064516129032258064,0.03,50,0.02,48,2,a,put
0.008331537246704102,156,0.00641025641025641,0.03,50,0.02,48,2,a,put
0.006029963493347168,157,0.006369426751592357,0.03,50,0.02,48,2,a,put
0.007027149200439453,158,0.006329113924050633,0.03,50,0.02,48,2,a,put
0.010186314582824707,159,0.006289308176100629,0.03,50,0.02,48,2,a,put
0.0090409517288208,160,0.00625,0.03,50,0.02,48,2,a,put
0.006408214569091797,161,0.006211180124223602,0.03,50,0.02,48,2,a,put
0.01134645938873291,162,0.006172839506172839,0.03,50,0.02,48,2,a,put
0.010078072547912598,163,0.006134969325153374,0.03,50,0.02,48,2,a,put
0.009060263633728027,164,0.006097560975609756,0.03,50,0.02,48,2,a,put
0.011657118797302246,165,0.006060606060606061,0.03,50,0.02,48,2,a,put
0.01010584831237793,166,0.006024096385542169,0.03,50,0.02,48,2,a,put
0.011917352676391602,167,0.005988023952095809,0.03,50,0.02,48,2,a,put
0.013298630714416504,168,0.005952380952380952,0.03,50,0.02,48,2,a,put
0.011135339736938477,169,0.005917159763313609,0.03,50,0.02,48,2,a,put
0.013456463813781738,170,0.0058823529411764705,0.03,50,0.02,48,2,a,put
0.010085225105285645,171,0.005847953216374269,0.03,50,0.02,48,2,a,put
0.013991117477416992,172,0.005813953488372093,0.03,50,0.02,48,2,a,put
0.012390971183776855,173,0.005780346820809248,0.03,50,0.02,48,2,a,put
0.010823488235473633,174,0.005747126436781609,0.03,50,0.02,48,2,a,put
0.010225534439086914,175,0.005714285714285714,0.03,50,0.02,48,2,a,put
0.011821746826171875,176,0.005681818181818182,0.03,50,0.02,48,2,a,put
0.013699054718017578,177,0.005649717514124294,0.03,50,0.02,48,2,a,put
0.012346029281616211,178,0.0056179775280898875,0.03,50,0.02,48,2,a,put
0.01268315315246582,179,0.00558659217877095,0.03,50,0.02,48,2,a,put
0.016086220741271973,180,0.005555555555555556,0.03,50,0.02,48,2,a,put
0.014735698699951172,181,0.0055248618784530384,0.03,50,0.02,48,2,a,put
0.0153428316116333,182,0.005494505494505495,0.03,50,0.02,48,2,a,put
0.01992321014404297,183,0.00546448087431694,0.03,50,0.02,48,2,a,put
0.011316776275634766,184,0.005434782608695652,0.03,50,0.02,48,2,a,put
0.01292717456817627,185,0.005405405405405406,0.03,50,0.02,48,2,a,put
0.009851574897766113,186,0.005376344086021506,0.03,50,0.02,48,2,a,put
0.012635350227355957,187,0.0053475935828877,0.03,50,0.02,48,2,a,put
0.012357354164123535,188,0.005319148936170213,0.03,50,0.02,48,2,a,put
0.016438603401184082,189,0.005291005291005291,0.03,50,0.02,48,2,a,put
0.013092398643493652,190,0.005263157894736842,0.03,50,0.02,48,2,a,put
0.01491093635559082,191,0.005235602094240838,0.03,50,0.02,48,2,a,put
0.01502978801727295,192,0.005208333333333333,0.03,50,0.02,48,2,a,put
0.014461040496826172,193,0.0051813471502590676,0.03,50,0.02,48,2,a,put
0.011989355087280273,194,0.005154639175257732,0.03,50,0.02,48,2,a,put
0.01508951187133789,195,0.005128205128205128,0.03,50,0.02,48,2,a,put
0.012375473976135254,196,0.00510204081632653,0.03,50,0.02,48,2,a,put
0.01642167568206787,197,0.005076142131979695,0.03,50,0.02,48,2,a,put
0.01484537124633789,198,0.005050505050505051,0.03,50,0.02,48,2,a,put
0.014954447746276855,199,0.005025125628140704,0.03,50,0.02,48,2,a,put
0.016333460807800293,200,0.005,0.03,50,0.02,48,2,a,put
0.01666712760925293,201,0.004975124378109453,0.03,50,0.02,48,2,a,put
0.014997243881225586,202,0.0049504950495049506,0.03,50,0.02,48,2,a,put
0.016276121139526367,203,0.0049261083743842365,0.03,50,0.02,48,2,a,put
0.019831418991088867,204,0.004901960784313725,0.03,50,0.02,48,2,a,put
0.01283717155456543,205,0.004878048780487805,0.03,50,0.02,48,2,a,put
0.020102381706237793,206,0.0048543689320388345,0.03,50,0.02,48,2,a,put
0.019897103309631348,207,0.004830917874396135,0.03,50,0.02,48,2,a,put
0.016701221466064453,208,0.004807692307692308,0.03,50,0.02,48,2,a,put
0.01703190803527832,209,0.004784688995215311,0.03,50,0.02,48,2,a,put
0.021553874015808105,210,0.004761904761904762,0.03,50,0.02,48,2,a,put
0.017456531524658203,211,0.004739336492890996,0.03,50,0.02,48,2,a,put
0.018912315368652344,212,0.0047169811320754715,0.03,50,0.02,48,2,a,put
0.01745903491973877,213,0.004694835680751174,0.03,50,0.02,48,2,a,put
0.01987004280090332,214,0.004672897196261682,0.03,50,0.02,48,2,a,put
0.01984989643096924,215,0.004651162790697674,0.03,50,0.02,48,2,a,put
0.016615986824035645,216,0.004629629629629629,0.03,50,0.02,48,2,a,put
0.015038728713989258,217,0.004608294930875576,0.03,50,0.02,48,2,a,put
0.01996767520904541,218,0.0045871559633027525,0.03,50,0.02,48,2,a,put
0.019718527793884277,219,0.0045662100456621,0.03,50,0.02,48,2,a,put
0.01755654811859131,220,0.004545454545454545,0.03,50,0.02,48,2,a,put
0.020981192588806152,221,0.004524886877828055,0.03,50,0.02,48,2,a,put
0.01994037628173828,222,0.0045045045045045045,0.03,50,0.02,48,2,a,put
0.023443102836608887,223,0.004484304932735426,0.03,50,0.02,48,2,a,put
0.023943424224853516,224,0.004464285714285714,0.03,50,0.02,48,2,a,put
0.021418452262878418,225,0.0044444444444444444,0.03,50,0.02,48,2,a,put
0.019979476928710938,226,0.004424778761061947,0.03,50,0.02,48,2,a,put
0.030536651611328125,227,0.004405286343612335,0.03,50,0.02,48,2,a,put
0.024495482444763184,228,0.0043859649122807015,0.03,50,0.02,48,2,a,put
0.026723504066467285,229,0.004366812227074236,0.03,50,0.02,48,2,a,put
0.03133797645568848,230,0.004347826086956522,0.03,50,0.02,48,2,a,put
0.03488123416900635,231,0.004329004329004329,0.03,50,0.02,48,2,a,put
0.03379404544830322,232,0.004310344827586207,0.03,50,0.02,48,2,a,put
0.029107093811035156,233,0.004291845493562232,0.03,50,0.02,48,2,a,put
0.03141319751739502,234,0.004273504273504274,0.03,50,0.02,48,2,a,put
0.028652191162109375,235,0.00425531914893617,0.03,50,0.02,48,2,a,put
0.025289535522460938,236,0.00423728813559322,0.03,50,0.02,48,2,a,put
0.027289152145385742,237,0.004219409282700422,0.03,50,0.02,48,2,a,put
0.024953126907348633,238,0.004201680672268907,0.03,50,0.02,48,2,a,put
0.02591240406036377,239,0.0041841004184100415,0.03,50,0.02,48,2,a,put
0.04582619667053223,240,0.004166666666666667,0.03,50,0.02,48,2,a,put
0.028474807739257812,241,0.004149377593360996,0.03,50,0.02,48,2,a,put
0.02214217185974121,242,0.004132231404958678,0.03,50,0.02,48,2,a,put
0.02419257164001465,243,0.00411522633744856,0.03,50,0.02,48,2,a,put
0.034673094749450684,244,0.004098360655737705,0.03,50,0.02,48,2,a,put
0.035384178161621094,245,0.004081632653061225,0.03,50,0.02,48,2,a,put
0.02798020839691162,246,0.0040650406504065045,0.03,50,0.02,48,2,a,put
0.02342545986175537,247,0.004048582995951417,0.03,50,0.02,48,2,a,put
0.028813838958740234,248,0.004032258064516129,0.03,50,0.02,48,2,a,put
0.026731491088867188,249,0.004016064257028112,0.03,50,0.02,48,2,a,put
0.02492344379425049,250,0.004,0.03,50,0.02,48,2,a,put
0.024924278259277344,251,0.00398406374501992,0.03,50,0.02,48,2,a,put
0.024901390075683594,252,0.003968253968253968,0.03,50,0.02,48,2,a,put
0.025035738945007324,253,0.003952569169960474,0.03,50,0.02,48,2,a,put
0.02711319923400879,254,0.003937007874015748,0.03,50,0.02,48,2,a,put
0.03203165531158447,255,0.00392156862745098,0.03,50,0.02,48,2,a,put
0.02595829963684082,256,0.00390625,0.03,50,0.02,48,2,a,put
0.025350332260131836,257,0.0038910505836575876,0.03,50,0.02,48,2,a,put
0.030101299285888672,258,0.003875968992248062,0.03,50,0.02,48,2,a,put
0.02938711643218994,259,0.003861003861003861,0.03,50,0.02,48,2,a,put
0.02563309669494629,260,0.0038461538461538464,0.03,50,0.02,48,2,a,put
0.025406837463378906,261,0.0038314176245210726,0.03,50,0.02,48,2,a,put
0.026911020278930664,262,0.003816793893129771,0.03,50,0.02,48,2,a,put
0.029488325119018555,263,0.0038022813688212928,0.03,50,0.02,48,2,a,put
0.025441288948059082,264,0.003787878787878788,0.03,50,0.02,48,2,a,put
0.03648078441619873,265,0.0037735849056603774,0.03,50,0.02,48,2,a,put
0.037566542625427246,266,0.0037593984962406013,0.03,50,0.02,48,2,a,put
0.03761160373687744,267,0.003745318352059925,0.03,50,0.02,48,2,a,put
0.047843337059020996,268,0.0037313432835820895,0.03,50,0.02,48,2,a,put
0.04743146896362305,269,0.0037174721189591076,0.03,50,0.02,48,2,a,put
0.03605782985687256,270,0.003703703703703704,0.03,50,0.02,48,2,a,put
0.03801167011260986,271,0.0036900369003690036,0.03,50,0.02,48,2,a,put
0.0321427583694458,272,0.003676470588235294,0.03,50,0.02,48,2,a,put
0.031134963035583496,273,0.003663003663003663,0.03,50,0.02,48,2,a,put
0.03018355369567871,274,0.0036496350364963502,0.03,50,0.02,48,2,a,put
0.03964543342590332,275,0.0036363636363636364,0.03,50,0.02,48,2,a,put
0.03488790988922119,276,0.0036231884057971015,0.03,50,0.02,48,2,a,put
0.06776189804077148,277,0.0036101083032490976,0.03,50,0.02,48,2,a,put
0.046234846115112305,278,0.0035971223021582736,0.03,50,0.02,48,2,a,put
0.03546547889709473,279,0.0035842293906810036,0.03,50,0.02,48,2,a,put
0.03736591339111328,280,0.0035714285714285713,0.03,50,0.02,48,2,a,put
0.034134745597839355,281,0.0035587188612099642,0.03,50,0.02,48,2,a,put
0.04245567321777344,282,0.0035460992907801418,0.03,50,0.02,48,2,a,put
0.05051231384277344,283,0.0035335689045936395,0.03,50,0.02,48,2,a,put
0.04084312915802002,284,0.0035211267605633804,0.03,50,0.02,48,2,a,put
0.042556166648864746,285,0.0035087719298245615,0.03,50,0.02,48,2,a,put
0.04162478446960449,286,0.0034965034965034965,0.03,50,0.02,48,2,a,put
0.0520930290222168,287,0.003484320557491289,0.03,50,0.02,48,2,a,put
0.040935635566711426,288,0.003472222222222222,0.03,50,0.02,48,2,a,put
0.042287468910217285,289,0.0034602076124567475,0.03,50,0.02,48,2,a,put
0.046721577644348145,290,0.0034482758620689655,0.03,50,0.02,48,2,a,put
0.037396788597106934,291,0.003436426116838488,0.03,50,0.02,48,2,a,put
0.039908647537231445,292,0.003424657534246575,0.03,50,0.02,48,2,a,put
0.035080552101135254,293,0.0034129692832764505,0.03,50,0.02,48,2,a,put
0.04004955291748047,294,0.003401360544217687,0.03,50,0.02,48,2,a,put
0.03342902660369873,295,0.003389830508474576,0.03,50,0.02,48,2,a,put
0.04521822929382324,296,0.0033783783783783786,0.03,50,0.02,48,2,a,put
0.03975415229797363,297,0.003367003367003367,0.03,50,0.02,48,2,a,put
0.03476524353027344,298,0.003355704697986577,0.03,50,0.02,48,2,a,put
0.035175323486328125,299,0.0033444816053511705,0.03,50,0.02,48,2,a,put
0.0,1,1.0,0.03,50,0.02,48,2,e,call
0.0,2,0.5,0.03,50,0.02,48,2,e,call
0.0,3,0.3333333333333333,0.03,50,0.02,48,2,e,call
0.0,4,0.25,0.03,50,0.02,48,2,e,call
0.0,5,0.2,0.03,50,0.02,48,2,e,call
0.0,6,0.16666666666666666,0.03,50,0.02,48,2,e,call
0.0,7,0.14285714285714285,0.03,50,0.02,48,2,e,call
0.0,8,0.125,0.03,50,0.02,48,2,e,call
0.0,9,0.1111111111111111,0.03,50,0.02,48,2,e,call
0.0,10,0.1,0.03,50,0.02,48,2,e,call
0.0,11,0.09090909090909091,0.03,50,0.02,48,2,e,call
0.0,12,0.08333333333333333,0.03,50,0.02,48,2,e,call
0.0,13,0.07692307692307693,0.03,50,0.02,48,2,e,call
0.0,14,0.07142857142857142,0.03,50,0.02,48,2,e,call
0.0,15,0.06666666666666667,0.03,50,0.02,48,2,e,call
0.0,16,0.0625,0.03,50,0.02,48,2,e,call
0.0,17,0.058823529411764705,0.03,50,0.02,48,2,e,call
0.0,18,0.05555555555555555,0.03,50,0.02,48,2,e,call
0.0,19,0.05263157894736842,0.03,50,0.02,48,2,e,call
0.0,20,0.05,0.03,50,0.02,48,2,e,call
0.0,21,0.047619047619047616,0.03,50,0.02,48,2,e,call
0.0,22,0.045454545454545456,0.03,50,0.02,48,2,e,call
0.0,23,0.043478260869565216,0.03,50,0.02,48,2,e,call
0.0,24,0.041666666666666664,0.03,50,0.02,48,2,e,call
0.0,25,0.04,0.03,50,0.02,48,2,e,call
0.0,26,0.038461538461538464,0.03,50,0.02,48,2,e,call
0.0,27,0.037037037037037035,0.03,50,0.02,48,2,e,call
0.0,28,0.03571428571428571,0.03,50,0.02,48,2,e,call
0.0,29,0.034482758620689655,0.03,50,0.02,48,2,e,call
0.0,30,0.03333333333333333,0.03,50,0.02,48,2,e,call
0.0,31,0.03225806451612903,0.03,50,0.02,48,2,e,call
0.0,32,0.03125,0.03,50,0.02,48,2,e,call
0.0,33,0.030303030303030304,0.03,50,0.02,48,2,e,call
0.0,34,0.029411764705882353,0.03,50,0.02,48,2,e,call
0.0025327205657958984,35,0.02857142857142857,0.03,50,0.02,48,2,e,call
0.0,36,0.027777777777777776,0.03,50,0.02,48,2,e,call
0.0,37,0.02702702702702703,0.03,50,0.02,48,2,e,call
0.0,38,0.02631578947368421,0.03,50,0.02,48,2,e,call
0.0,39,0.02564102564102564,0.03,50,0.02,48,2,e,call
0.0,40,0.025,0.03,50,0.02,48,2,e,call
0.0,41,0.024390243902439025,0.03,50,0.02,48,2,e,call
0.004951834678649902,42,0.023809523809523808,0.03,50,0.02,48,2,e,call
0.0,43,0.023255813953488372,0.03,50,0.02,48,2,e,call
0.0,44,0.022727272727272728,0.03,50,0.02,48,2,e,call
0.0,45,0.022222222222222223,0.03,50,0.02,48,2,e,call
0.0,46,0.021739130434782608,0.03,50,0.02,48,2,e,call
0.0,47,0.02127659574468085,0.03,50,0.02,48,2,e,call
0.0,48,0.020833333333333332,0.03,50,0.02,48,2,e,call
0.0,49,0.02040816326530612,0.03,50,0.02,48,2,e,call
0.0,50,0.02,0.03,50,0.02,48,2,e,call
0.0,51,0.0196078431372549,0.03,50,0.02,48,2,e,call
0.0025038719177246094,52,0.019230769230769232,0.03,50,0.02,48,2,e,call
0.0,53,0.018867924528301886,0.03,50,0.02,48,2,e,call
0.0025156736373901367,54,0.018518518518518517,0.03,50,0.02,48,2,e,call
0.0,55,0.01818181818181818,0.03,50,0.02,48,2,e,call
0.0,56,0.017857142857142856,0.03,50,0.02,48,2,e,call
0.0025284290313720703,57,0.017543859649122806,0.03,50,0.02,48,2,e,call
0.0,58,0.017241379310344827,0.03,50,0.02,48,2,e,call
0.0,59,0.01694915254237288,0.03,50,0.02,48,2,e,call
0.0,60,0.016666666666666666,0.03,50,0.02,48,2,e,call
0.0025058984756469727,61,0.01639344262295082,0.03,50,0.02,48,2,e,call
0.0,62,0.016129032258064516,0.03,50,0.02,48,2,e,call
0.0,63,0.015873015873015872,0.03,50,0.02,48,2,e,call
0.0,64,0.015625,0.03,50,0.02,48,2,e,call
0.005061507225036621,65,0.015384615384615385,0.03,50,0.02,48,2,e,call
0.0,66,0.015151515151515152,0.03,50,0.02,48,2,e,call
0.0,67,0.014925373134328358,0.03,50,0.02,48,2,e,call
0.0,68,0.014705882352941176,0.03,50,0.02,48,2,e,call
0.0025038719177246094,69,0.014492753623188406,0.03,50,0.02,48,2,e,call
0.0,70,0.014285714285714285,0.03,50,0.02,48,2,e,call
0.0015267133712768555,71,0.014084507042253521,0.03,50,0.02,48,2,e,call
0.0,72,0.013888888888888888,0.03,50,0.02,48,2,e,call
0.0,73,0.0136986301369863,0.03,50,0.02,48,2,e,call
0.0025037527084350586,74,0.013513513513513514,0.03,50,0.02,48,2,e,call
0.0025175809860229492,75,0.013333333333333334,0.03,50,0.02,48,2,e,call
0.0,76,0.013157894736842105,0.03,50,0.02,48,2,e,call
0.0,77,0.012987012987012988,0.03,50,0.02,48,2,e,call
0.0,78,0.01282051282051282,0.03,50,0.02,48,2,e,call
0.0025027990341186523,79,0.012658227848101266,0.03,50,0.02,48,2,e,call
0.002527594566345215,80,0.0125,0.03,50,0.02,48,2,e,call
0.0025026798248291016,81,0.012345679012345678,0.03,50,0.02,48,2,e,call
0.0025267601013183594,82,0.012195121951219513,0.03,50,0.02,48,2,e,call
0.002502918243408203,83,0.012048192771084338,0.03,50,0.02,48,2,e,call
0.002526998519897461,84,0.011904761904761904,0.03,50,0.02,48,2,e,call
0.0034694671630859375,85,0.011764705882352941,0.03,50,0.02,48,2,e,call
0.004488348960876465,86,0.011627906976744186,0.03,50,0.02,48,2,e,call
0.004498481750488281,87,0.011494252873563218,0.03,50,0.02,48,2,e,call
0.0024940967559814453,88,0.011363636363636364,0.03,50,0.02,48,2,e,call
0.003989100456237793,89,0.011235955056179775,0.03,50,0.02,48,2,e,call
0.001994609832763672,90,0.011111111111111112,0.03,50,0.02,48,2,e,call
0.004824995994567871,91,0.01098901098901099,0.03,50,0.02,48,2,e,call
0.0027352571487426758,92,0.010869565217391304,0.03,50,0.02,48,2,e,call
0.003993988037109375,93,0.010752688172043012,0.03,50,0.02,48,2,e,call
0.003990292549133301,94,0.010638297872340425,0.03,50,0.02,48,2,e,call
0.0019942522048950195,95,0.010526315789473684,0.03,50,0.02,48,2,e,call
0.0029920339584350586,96,0.010416666666666666,0.03,50,0.02,48,2,e,call
0.0024930238723754883,97,0.010309278350515464,0.03,50,0.02,48,2,e,call
0.002039194107055664,98,0.01020408163265306,0.03,50,0.02,48,2,e,call
0.002504110336303711,99,0.010101010101010102,0.03,50,0.02,48,2,e,call
0.0025277137756347656,100,0.01,0.03,50,0.02,48,2,e,call
0.0024924278259277344,101,0.009900990099009901,0.03,50,0.02,48,2,e,call
0.002493143081665039,102,0.00980392156862745,0.03,50,0.02,48,2,e,call
0.0012924671173095703,103,0.009708737864077669,0.03,50,0.02,48,2,e,call
0.004776597023010254,104,0.009615384615384616,0.03,50,0.02,48,2,e,call
0.002502918243408203,105,0.009523809523809525,0.03,50,0.02,48,2,e,call
0.0025267601013183594,106,0.009433962264150943,0.03,50,0.02,48,2,e,call
0.002524852752685547,107,0.009345794392523364,0.03,50,0.02,48,2,e,call
0.0025026798248291016,108,0.009259259259259259,0.03,50,0.02,48,2,e,call
0.0025027990341186523,109,0.009174311926605505,0.03,50,0.02,48,2,e,call
0.002524137496948242,110,0.00909090909090909,0.03,50,0.02,48,2,e,call
0.0025266408920288086,111,0.009009009009009009,0.03,50,0.02,48,2,e,call
0.0020236968994140625,112,0.008928571428571428,0.03,50,0.02,48,2,e,call
0.0025025606155395508,113,0.008849557522123894,0.03,50,0.02,48,2,e,call
0.0025277137756347656,114,0.008771929824561403,0.03,50,0.02,48,2,e,call
0.0022717714309692383,115,0.008695652173913044,0.03,50,0.02,48,2,e,call
0.002527475357055664,116,0.008620689655172414,0.03,50,0.02,48,2,e,call
0.005025625228881836,117,0.008547008547008548,0.03,50,0.02,48,2,e,call
0.0025032758712768555,118,0.00847457627118644,0.03,50,0.02,48,2,e,call
0.002503037452697754,119,0.008403361344537815,0.03,50,0.02,48,2,e,call
0.002515077590942383,120,0.008333333333333333,0.03,50,0.02,48,2,e,call
0.00749516487121582,121,0.008264462809917356,0.03,50,0.02,48,2,e,call
0.002526521682739258,122,0.00819672131147541,0.03,50,0.02,48,2,e,call
0.0025266408920288086,123,0.008130081300813009,0.03,50,0.02,48,2,e,call
0.003039717674255371,124,0.008064516129032258,0.03,50,0.02,48,2,e,call
0.004808545112609863,125,0.008,0.03,50,0.02,48,2,e,call
0.004961490631103516,126,0.007936507936507936,0.03,50,0.02,48,2,e,call
0.0051310062408447266,127,0.007874015748031496,0.03,50,0.02,48,2,e,call
0.002547144889831543,128,0.0078125,0.03,50,0.02,48,2,e,call
0.004794597625732422,129,0.007751937984496124,0.03,50,0.02,48,2,e,call
0.00521242618560791,130,0.007692307692307693,0.03,50,0.02,48,2,e,call
0.0048754215240478516,131,0.007633587786259542,0.03,50,0.02,48,2,e,call
0.00506436824798584,132,0.007575757575757576,0.03,50,0.02,48,2,e,call
0.005045652389526367,133,0.007518796992481203,0.03,50,0.02,48,2,e,call
0.00486910343170166,134,0.007462686567164179,0.03,50,0.02,48,2,e,call
0.005066394805908203,135,0.007407407407407408,0.03,50,0.02,48,2,e,call
0.0028153657913208008,136,0.007352941176470588,0.03,50,0.02,48,2,e,call
0.0025908946990966797,137,0.0072992700729927005,0.03,50,0.02,48,2,e,call
0.0025550127029418945,138,0.007246376811594203,0.03,50,0.02,48,2,e,call
0.004054665565490723,139,0.007194244604316547,0.03,50,0.02,48,2,e,call
0.005004525184631348,140,0.007142857142857143,0.03,50,0.02,48,2,e,call
0.005196332931518555,141,0.0070921985815602835,0.03,50,0.02,48,2,e,call
0.005163669586181641,142,0.007042253521126761,0.03,50,0.02,48,2,e,call
0.004822731018066406,143,0.006993006993006993,0.03,50,0.02,48,2,e,call
0.005158185958862305,144,0.006944444444444444,0.03,50,0.02,48,2,e,call
0.004860877990722656,145,0.006896551724137931,0.03,50,0.02,48,2,e,call
0.005482316017150879,146,0.00684931506849315,0.03,50,0.02,48,2,e,call
0.0048944950103759766,147,0.006802721088435374,0.03,50,0.02,48,2,e,call
0.004976987838745117,148,0.006756756756756757,0.03,50,0.02,48,2,e,call
0.006557822227478027,149,0.006711409395973154,0.03,50,0.02,48,2,e,call
0.004861354827880859,150,0.006666666666666667,0.03,50,0.02,48,2,e,call
0.009056925773620605,151,0.006622516556291391,0.03,50,0.02,48,2,e,call
0.008119344711303711,152,0.006578947368421052,0.03,50,0.02,48,2,e,call
0.006087779998779297,153,0.006535947712418301,0.03,50,0.02,48,2,e,call
0.0055506229400634766,154,0.006493506493506494,0.03,50,0.02,48,2,e,call
0.003565192222595215,155,0.0064516129032258064,0.03,50,0.02,48,2,e,call
0.010550379753112793,156,0.00641025641025641,0.03,50,0.02,48,2,e,call
0.008269071578979492,157,0.006369426751592357,0.03,50,0.02,48,2,e,call
0.006981492042541504,158,0.006329113924050633,0.03,50,0.02,48,2,e,call
0.009979248046875,159,0.006289308176100629,0.03,50,0.02,48,2,e,call
0.009940266609191895,160,0.00625,0.03,50,0.02,48,2,e,call
0.0075495243072509766,161,0.006211180124223602,0.03,50,0.02,48,2,e,call
0.007356762886047363,162,0.006172839506172839,0.03,50,0.02,48,2,e,call
0.010172128677368164,163,0.006134969325153374,0.03,50,0.02,48,2,e,call
0.009843230247497559,164,0.006097560975609756,0.03,50,0.02,48,2,e,call
0.010203123092651367,165,0.006060606060606061,0.03,50,0.02,48,2,e,call
0.012282252311706543,166,0.006024096385542169,0.03,50,0.02,48,2,e,call
0.0077207088470458984,167,0.005988023952095809,0.03,50,0.02,48,2,e,call
0.007496476173400879,168,0.005952380952380952,0.03,50,0.02,48,2,e,call
0.00996851921081543,169,0.005917159763313609,0.03,50,0.02,48,2,e,call
0.00979924201965332,170,0.0058823529411764705,0.03,50,0.02,48,2,e,call
0.010228633880615234,171,0.005847953216374269,0.03,50,0.02,48,2,e,call
0.005632996559143066,172,0.005813953488372093,0.03,50,0.02,48,2,e,call
0.010148406028747559,173,0.005780346820809248,0.03,50,0.02,48,2,e,call
0.0099259614944458,174,0.005747126436781609,0.03,50,0.02,48,2,e,call
0.01006174087524414,175,0.005714285714285714,0.03,50,0.02,48,2,e,call
0.010426163673400879,176,0.005681818181818182,0.03,50,0.02,48,2,e,call
0.0062187910079956055,177,0.005649717514124294,0.03,50,0.02,48,2,e,call
0.005880594253540039,178,0.0056179775280898875,0.03,50,0.02,48,2,e,call
0.010165095329284668,179,0.00558659217877095,0.03,50,0.02,48,2,e,call
0.010279059410095215,180,0.005555555555555556,0.03,50,0.02,48,2,e,call
0.010201454162597656,181,0.0055248618784530384,0.03,50,0.02,48,2,e,call
0.01001739501953125,182,0.005494505494505495,0.03,50,0.02,48,2,e,call
0.011316895484924316,183,0.00546448087431694,0.03,50,0.02,48,2,e,call
0.010236144065856934,184,0.005434782608695652,0.03,50,0.02,48,2,e,call
0.012470602989196777,185,0.005405405405405406,0.03,50,0.02,48,2,e,call
0.011943697929382324,186,0.005376344086021506,0.03,50,0.02,48,2,e,call
0.013089299201965332,187,0.0053475935828877,0.03,50,0.02,48,2,e,call
0.012577056884765625,188,0.005319148936170213,0.03,50,0.02,48,2,e,call
0.009798169136047363,189,0.005291005291005291,0.03,50,0.02,48,2,e,call
0.010113954544067383,190,0.005263157894736842,0.03,50,0.02,48,2,e,call
0.010338902473449707,191,0.005235602094240838,0.03,50,0.02,48,2,e,call
0.012559771537780762,192,0.005208333333333333,0.03,50,0.02,48,2,e,call
0.020589470863342285,193,0.0051813471502590676,0.03,50,0.02,48,2,e,call
0.01980733871459961,194,0.005154639175257732,0.03,50,0.02,48,2,e,call
0.015156984329223633,195,0.005128205128205128,0.03,50,0.02,48,2,e,call
0.017411470413208008,196,0.00510204081632653,0.03,50,0.02,48,2,e,call
0.01988053321838379,197,0.005076142131979695,0.03,50,0.02,48,2,e,call
0.01866006851196289,198,0.005050505050505051,0.03,50,0.02,48,2,e,call
0.015056490898132324,199,0.005025125628140704,0.03,50,0.02,48,2,e,call
0.014814972877502441,200,0.005,0.03,50,0.02,48,2,e,call
0.015186429023742676,201,0.004975124378109453,0.03,50,0.02,48,2,e,call
0.01489400863647461,202,0.0049504950495049506,0.03,50,0.02,48,2,e,call
0.021346688270568848,203,0.0049261083743842365,0.03,50,0.02,48,2,e,call
0.014961957931518555,204,0.004901960784313725,0.03,50,0.02,48,2,e,call
0.019790172576904297,205,0.004878048780487805,0.03,50,0.02,48,2,e,call
0.01482856273651123,206,0.0048543689320388345,0.03,50,0.02,48,2,e,call
0.020048975944519043,207,0.004830917874396135,0.03,50,0.02,48,2,e,call
0.019910097122192383,208,0.004807692307692308,0.03,50,0.02,48,2,e,call
0.020828962326049805,209,0.004784688995215311,0.03,50,0.02,48,2,e,call
0.026816725730895996,210,0.004761904761904762,0.03,50,0.02,48,2,e,call
0.020499229431152344,211,0.004739336492890996,0.03,50,0.02,48,2,e,call
0.017264485359191895,212,0.0047169811320754715,0.03,50,0.02,48,2,e,call
0.018513202667236328,213,0.004694835680751174,0.03,50,0.02,48,2,e,call
0.01914238929748535,214,0.004672897196261682,0.03,50,0.02,48,2,e,call
0.018375515937805176,215,0.004651162790697674,0.03,50,0.02,48,2,e,call
0.01985764503479004,216,0.004629629629629629,0.03,50,0.02,48,2,e,call
0.014108657836914062,217,0.004608294930875576,0.03,50,0.02,48,2,e,call
0.016603946685791016,218,0.0045871559633027525,0.03,50,0.02,48,2,e,call
0.01930558681488037,219,0.0045662100456621,0.03,50,0.02,48,2,e,call
0.024972915649414062,220,0.004545454545454545,0.03,50,0.02,48,2,e,call
0.022522330284118652,221,0.004524886877828055,0.03,50,0.02,48,2,e,call
0.015192031860351562,222,0.0045045045045045045,0.03,50,0.02,48,2,e,call
0.013187646865844727,223,0.004484304932735426,0.03,50,0.02,48,2,e,call
0.014998912811279297,224,0.004464285714285714,0.03,50,0.02,48,2,e,call
0.019977569580078125,225,0.0044444444444444444,0.03,50,0.02,48,2,e,call
0.019073009490966797,226,0.004424778761061947,0.03,50,0.02,48,2,e,call
0.019957542419433594,227,0.004405286343612335,0.03,50,0.02,48,2,e,call
0.020886898040771484,228,0.0043859649122807015,0.03,50,0.02,48,2,e,call
0.031571030616760254,229,0.004366812227074236,0.03,50,0.02,48,2,e,call
0.01819777488708496,230,0.004347826086956522,0.03,50,0.02,48,2,e,call
0.021670818328857422,231,0.004329004329004329,0.03,50,0.02,48,2,e,call
0.017497658729553223,232,0.004310344827586207,0.03,50,0.02,48,2,e,call
0.017696261405944824,233,0.004291845493562232,0.03,50,0.02,48,2,e,call
0.022524714469909668,234,0.004273504273504274,0.03,50,0.02,48,2,e,call
0.017098188400268555,235,0.00425531914893617,0.03,50,0.02,48,2,e,call
0.02170860767364502,236,0.00423728813559322,0.03,50,0.02,48,2,e,call
0.019946813583374023,237,0.004219409282700422,0.03,50,0.02,48,2,e,call
0.015110611915588379,238,0.004201680672268907,0.03,50,0.02,48,2,e,call
0.019880056381225586,239,0.0041841004184100415,0.03,50,0.02,48,2,e,call
0.02085888385772705,240,0.004166666666666667,0.03,50,0.02,48,2,e,call
0.02020716667175293,241,0.004149377593360996,0.03,50,0.02,48,2,e,call
0.01945054531097412,242,0.004132231404958678,0.03,50,0.02,48,2,e,call
0.022461533546447754,243,0.00411522633744856,0.03,50,0.02,48,2,e,call
0.01655101776123047,244,0.004098360655737705,0.03,50,0.02,48,2,e,call
0.01993727684020996,245,0.004081632653061225,0.03,50,0.02,48,2,e,call
0.02539992332458496,246,0.0040650406504065045,0.03,50,0.02,48,2,e,call
0.023903846740722656,247,0.004048582995951417,0.03,50,0.02,48,2,e,call
0.029022812843322754,248,0.004032258064516129,0.03,50,0.02,48,2,e,call
0.0283815860748291,249,0.004016064257028112,0.03,50,0.02,48,2,e,call
0.03786039352416992,250,0.004,0.03,50,0.02,48,2,e,call
0.030848026275634766,251,0.00398406374501992,0.03,50,0.02,48,2,e,call
0.035874128341674805,252,0.003968253968253968,0.03,50,0.02,48,2,e,call
0.03850841522216797,253,0.003952569169960474,0.03,50,0.02,48,2,e,call
0.033042311668395996,254,0.003937007874015748,0.03,50,0.02,48,2,e,call
0.03427994251251221,255,0.00392156862745098,0.03,50,0.02,48,2,e,call
0.03006577491760254,256,0.00390625,0.03,50,0.02,48,2,e,call
0.02624046802520752,257,0.0038910505836575876,0.03,50,0.02,48,2,e,call
0.026532411575317383,258,0.003875968992248062,0.03,50,0.02,48,2,e,call
0.02327585220336914,259,0.003861003861003861,0.03,50,0.02,48,2,e,call
0.02506387233734131,260,0.0038461538461538464,0.03,50,0.02,48,2,e,call
0.028513550758361816,261,0.0038314176245210726,0.03,50,0.02,48,2,e,call
0.024926185607910156,262,0.003816793893129771,0.03,50,0.02,48,2,e,call
0.02410304546356201,263,0.0038022813688212928,0.03,50,0.02,48,2,e,call
0.031768798828125,264,0.003787878787878788,0.03,50,0.02,48,2,e,call
0.029927968978881836,265,0.0037735849056603774,0.03,50,0.02,48,2,e,call
0.05117034912109375,266,0.0037593984962406013,0.03,50,0.02,48,2,e,call
0.04139983654022217,267,0.003745318352059925,0.03,50,0.02,48,2,e,call
0.032959699630737305,268,0.0037313432835820895,0.03,50,0.02,48,2,e,call
0.0424954891204834,269,0.0037174721189591076,0.03,50,0.02,48,2,e,call
0.040253520011901855,270,0.003703703703703704,0.03,50,0.02,48,2,e,call
0.039685845375061035,271,0.0036900369003690036,0.03,50,0.02,48,2,e,call
0.03552520275115967,272,0.003676470588235294,0.03,50,0.02,48,2,e,call
0.032013654708862305,273,0.003663003663003663,0.03,50,0.02,48,2,e,call
0.030701637268066406,274,0.0036496350364963502,0.03,50,0.02,48,2,e,call
0.03159511089324951,275,0.0036363636363636364,0.03,50,0.02,48,2,e,call
0.03338623046875,276,0.0036231884057971015,0.03,50,0.02,48,2,e,call
0.03672206401824951,277,0.0036101083032490976,0.03,50,0.02,48,2,e,call
0.04040062427520752,278,0.0035971223021582736,0.03,50,0.02,48,2,e,call
0.04096364974975586,279,0.0035842293906810036,0.03,50,0.02,48,2,e,call
0.035454511642456055,280,0.0035714285714285713,0.03,50,0.02,48,2,e,call
0.032074928283691406,281,0.0035587188612099642,0.03,50,0.02,48,2,e,call
0.030655622482299805,282,0.0035460992907801418,0.03,50,0.02,48,2,e,call
0.030922770500183105,283,0.0035335689045936395,0.03,50,0.02,48,2,e,call
0.03075098991394043,284,0.0035211267605633804,0.03,50,0.02,48,2,e,call
0.028994083404541016,285,0.0035087719298245615,0.03,50,0.02,48,2,e,call
0.027989983558654785,286,0.0034965034965034965,0.03,50,0.02,48,2,e,call
0.031100869178771973,287,0.003484320557491289,0.03,50,0.02,48,2,e,call
0.030605435371398926,288,0.003472222222222222,0.03,50,0.02,48,2,e,call
0.030936717987060547,289,0.0034602076124567475,0.03,50,0.02,48,2,e,call
0.03115522861480713,290,0.0034482758620689655,0.03,50,0.02,48,2,e,call
0.03457367420196533,291,0.003436426116838488,0.03,50,0.02,48,2,e,call
0.03342568874359131,292,0.003424657534246575,0.03,50,0.02,48,2,e,call
0.0463639497756958,293,0.0034129692832764505,0.03,50,0.02,48,2,e,call
0.04371237754821777,294,0.003401360544217687,0.03,50,0.02,48,2,e,call
0.04849600791931152,295,0.003389830508474576,0.03,50,0.02,48,2,e,call
0.03575003147125244,296,0.0033783783783783786,0.03,50,0.02,48,2,e,call
0.03402888774871826,297,0.003367003367003367,0.03,50,0.02,48,2,e,call
0.03295242786407471,298,0.003355704697986577,0.03,50,0.02,48,2,e,call
0.0429004430770874,299,0.0033444816053511705,0.03,50,0.02,48,2,e,call
0.0,1,1.0,0.03,50,0.02,48,2,e,put
0.0,2,0.5,0.03,50,0.02,48,2,e,put
0.0,3,0.3333333333333333,0.03,50,0.02,48,2,e,put
0.0,4,0.25,0.03,50,0.02,48,2,e,put
0.0,5,0.2,0.03,50,0.02,48,2,e,put
0.0,6,0.16666666666666666,0.03,50,0.02,48,2,e,put
0.0,7,0.14285714285714285,0.03,50,0.02,48,2,e,put
0.0,8,0.125,0.03,50,0.02,48,2,e,put
0.0,9,0.1111111111111111,0.03,50,0.02,48,2,e,put
0.0,10,0.1,0.03,50,0.02,48,2,e,put
0.0014085769653320312,11,0.09090909090909091,0.03,50,0.02,48,2,e,put
0.0,12,0.08333333333333333,0.03,50,0.02,48,2,e,put
0.0,13,0.07692307692307693,0.03,50,0.02,48,2,e,put
0.0004987716674804688,14,0.07142857142857142,0.03,50,0.02,48,2,e,put
0.0,15,0.06666666666666667,0.03,50,0.02,48,2,e,put
0.0,16,0.0625,0.03,50,0.02,48,2,e,put
0.0,17,0.058823529411764705,0.03,50,0.02,48,2,e,put
0.000498652458190918,18,0.05555555555555555,0.03,50,0.02,48,2,e,put
0.0,19,0.05263157894736842,0.03,50,0.02,48,2,e,put
0.000498652458190918,20,0.05,0.03,50,0.02,48,2,e,put
0.0004985332489013672,21,0.047619047619047616,0.03,50,0.02,48,2,e,put
0.0004985332489013672,22,0.045454545454545456,0.03,50,0.02,48,2,e,put
0.0004982948303222656,23,0.043478260869565216,0.03,50,0.02,48,2,e,put
0.000498652458190918,24,0.041666666666666664,0.03,50,0.02,48,2,e,put
0.0004985332489013672,25,0.04,0.03,50,0.02,48,2,e,put
0.0,26,0.038461538461538464,0.03,50,0.02,48,2,e,put
0.0,27,0.037037037037037035,0.03,50,0.02,48,2,e,put
0.0,28,0.03571428571428571,0.03,50,0.02,48,2,e,put
0.0,29,0.034482758620689655,0.03,50,0.02,48,2,e,put
0.0,30,0.03333333333333333,0.03,50,0.02,48,2,e,put
0.0005834102630615234,31,0.03225806451612903,0.03,50,0.02,48,2,e,put
0.0,32,0.03125,0.03,50,0.02,48,2,e,put
0.0035458803176879883,33,0.030303030303030304,0.03,50,0.02,48,2,e,put
0.0,34,0.029411764705882353,0.03,50,0.02,48,2,e,put
0.0,35,0.02857142857142857,0.03,50,0.02,48,2,e,put
0.0,36,0.027777777777777776,0.03,50,0.02,48,2,e,put
0.0,37,0.02702702702702703,0.03,50,0.02,48,2,e,put
0.0,38,0.02631578947368421,0.03,50,0.02,48,2,e,put
0.0,39,0.02564102564102564,0.03,50,0.02,48,2,e,put
0.0,40,0.025,0.03,50,0.02,48,2,e,put
0.0,41,0.024390243902439025,0.03,50,0.02,48,2,e,put
0.0,42,0.023809523809523808,0.03,50,0.02,48,2,e,put
0.003124713897705078,43,0.023255813953488372,0.03,50,0.02,48,2,e,put
0.0020563602447509766,44,0.022727272727272728,0.03,50,0.02,48,2,e,put
0.0,45,0.022222222222222223,0.03,50,0.02,48,2,e,put
0.0,46,0.021739130434782608,0.03,50,0.02,48,2,e,put
0.0,47,0.02127659574468085,0.03,50,0.02,48,2,e,put
0.0,48,0.020833333333333332,0.03,50,0.02,48,2,e,put
0.0,49,0.02040816326530612,0.03,50,0.02,48,2,e,put
0.0,50,0.02,0.03,50,0.02,48,2,e,put
0.0,51,0.0196078431372549,0.03,50,0.02,48,2,e,put
0.0025186538696289062,52,0.019230769230769232,0.03,50,0.02,48,2,e,put
0.0,53,0.018867924528301886,0.03,50,0.02,48,2,e,put
0.0,54,0.018518518518518517,0.03,50,0.02,48,2,e,put
0.0,55,0.01818181818181818,0.03,50,0.02,48,2,e,put
0.004947185516357422,56,0.017857142857142856,0.03,50,0.02,48,2,e,put
0.0,57,0.017543859649122806,0.03,50,0.02,48,2,e,put
0.0009986162185668945,58,0.017241379310344827,0.03,50,0.02,48,2,e,put
0.0015600919723510742,59,0.01694915254237288,0.03,50,0.02,48,2,e,put
0.0025037527084350586,60,0.016666666666666666,0.03,50,0.02,48,2,e,put
0.0,61,0.01639344262295082,0.03,50,0.02,48,2,e,put
0.0,62,0.016129032258064516,0.03,50,0.02,48,2,e,put
0.0010088682174682617,63,0.015873015873015872,0.03,50,0.02,48,2,e,put
0.0013076066970825195,64,0.015625,0.03,50,0.02,48,2,e,put
0.0,65,0.015384615384615385,0.03,50,0.02,48,2,e,put
0.005050301551818848,66,0.015151515151515152,0.03,50,0.02,48,2,e,put
0.0009979009628295898,67,0.014925373134328358,0.03,50,0.02,48,2,e,put
0.0010094642639160156,68,0.014705882352941176,0.03,50,0.02,48,2,e,put
0.000997781753540039,69,0.014492753623188406,0.03,50,0.02,48,2,e,put
0.0015233755111694336,70,0.014285714285714285,0.03,50,0.02,48,2,e,put
0.0014957189559936523,71,0.014084507042253521,0.03,50,0.02,48,2,e,put
0.000997304916381836,72,0.013888888888888888,0.03,50,0.02,48,2,e,put
0.0009974241256713867,73,0.0136986301369863,0.03,50,0.02,48,2,e,put
0.0,74,0.013513513513513514,0.03,50,0.02,48,2,e,put
0.0035184621810913086,75,0.013333333333333334,0.03,50,0.02,48,2,e,put
0.00250399112701416,76,0.013157894736842105,0.03,50,0.02,48,2,e,put
0.0029909610748291016,77,0.012987012987012988,0.03,50,0.02,48,2,e,put
0.0014966726303100586,78,0.01282051282051282,0.03,50,0.02,48,2,e,put
0.0029898881912231445,79,0.012658227848101266,0.03,50,0.02,48,2,e,put
0.0,80,0.0125,0.03,50,0.02,48,2,e,put
0.004259943962097168,81,0.012345679012345678,0.03,50,0.02,48,2,e,put
0.0021800994873046875,82,0.012195121951219513,0.03,50,0.02,48,2,e,put
0.0,83,0.012048192771084338,0.03,50,0.02,48,2,e,put
0.004689693450927734,84,0.011904761904761904,0.03,50,0.02,48,2,e,put
0.0008141994476318359,85,0.011764705882352941,0.03,50,0.02,48,2,e,put
0.0,86,0.011627906976744186,0.03,50,0.02,48,2,e,put
0.002512335777282715,87,0.011494252873563218,0.03,50,0.02,48,2,e,put
0.0,88,0.011363636363636364,0.03,50,0.02,48,2,e,put
0.0031996965408325195,89,0.011235955056179775,0.03,50,0.02,48,2,e,put
0.0,90,0.011111111111111112,0.03,50,0.02,48,2,e,put
0.00236356258392334,91,0.01098901098901099,0.03,50,0.02,48,2,e,put
0.005078911781311035,92,0.010869565217391304,0.03,50,0.02,48,2,e,put
0.005083203315734863,93,0.010752688172043012,0.03,50,0.02,48,2,e,put
0.0,94,0.010638297872340425,0.03,50,0.02,48,2,e,put
0.0019077062606811523,95,0.010526315789473684,0.03,50,0.02,48,2,e,put
0.0032972097396850586,96,0.010416666666666666,0.03,50,0.02,48,2,e,put
0.007134795188903809,97,0.010309278350515464,0.03,50,0.02,48,2,e,put
0.002797842025756836,98,0.01020408163265306,0.03,50,0.02,48,2,e,put
0.005339860916137695,99,0.010101010101010102,0.03,50,0.02,48,2,e,put
0.0022710561752319336,100,0.01,0.03,50,0.02,48,2,e,put
0.00309598445892334,101,0.009900990099009901,0.03,50,0.02,48,2,e,put
0.0025042295455932617,102,0.00980392156862745,0.03,50,0.02,48,2,e,put
0.002906322479248047,103,0.009708737864077669,0.03,50,0.02,48,2,e,put
0.006040692329406738,104,0.009615384615384616,0.03,50,0.02,48,2,e,put
0.0024930238723754883,105,0.009523809523809525,0.03,50,0.02,48,2,e,put
0.004436373710632324,106,0.009433962264150943,0.03,50,0.02,48,2,e,put
0.0029916763305664062,107,0.009345794392523364,0.03,50,0.02,48,2,e,put
0.002504706382751465,108,0.009259259259259259,0.03,50,0.02,48,2,e,put
0.005943775177001953,109,0.009174311926605505,0.03,50,0.02,48,2,e,put
0.0032775402069091797,110,0.00909090909090909,0.03,50,0.02,48,2,e,put
0.0034971237182617188,111,0.009009009009009009,0.03,50,0.02,48,2,e,put
0.0034035444259643555,112,0.008928571428571428,0.03,50,0.02,48,2,e,put
0.0,113,0.008849557522123894,0.03,50,0.02,48,2,e,put
0.003922224044799805,114,0.008771929824561403,0.03,50,0.02,48,2,e,put
0.002992868423461914,115,0.008695652173913044,0.03,50,0.02,48,2,e,put
0.004425764083862305,116,0.008620689655172414,0.03,50,0.02,48,2,e,put
0.0034905672073364258,117,0.008547008547008548,0.03,50,0.02,48,2,e,put
0.0007529258728027344,118,0.00847457627118644,0.03,50,0.02,48,2,e,put
0.0074433088302612305,119,0.008403361344537815,0.03,50,0.02,48,2,e,put
0.004056692123413086,120,0.008333333333333333,0.03,50,0.02,48,2,e,put
0.0038400888442993164,121,0.008264462809917356,0.03,50,0.02,48,2,e,put
0.006047725677490234,122,0.00819672131147541,0.03,50,0.02,48,2,e,put
0.005007624626159668,123,0.008130081300813009,0.03,50,0.02,48,2,e,put
0.00558018684387207,124,0.008064516129032258,0.03,50,0.02,48,2,e,put
0.003510594367980957,125,0.008,0.03,50,0.02,48,2,e,put
0.00392758846282959,126,0.007936507936507936,0.03,50,0.02,48,2,e,put
0.00628507137298584,127,0.007874015748031496,0.03,50,0.02,48,2,e,put
0.004837632179260254,128,0.0078125,0.03,50,0.02,48,2,e,put
0.005543708801269531,129,0.007751937984496124,0.03,50,0.02,48,2,e,put
0.0025038719177246094,130,0.007692307692307693,0.03,50,0.02,48,2,e,put
0.005069136619567871,131,0.007633587786259542,0.03,50,0.02,48,2,e,put
0.004826903343200684,132,0.007575757575757576,0.03,50,0.02,48,2,e,put
0.005027174949645996,133,0.007518796992481203,0.03,50,0.02,48,2,e,put
0.004917263984680176,134,0.007462686567164179,0.03,50,0.02,48,2,e,put
0.003917217254638672,135,0.007407407407407408,0.03,50,0.02,48,2,e,put
0.006281852722167969,136,0.007352941176470588,0.03,50,0.02,48,2,e,put
0.00029730796813964844,137,0.0072992700729927005,0.03,50,0.02,48,2,e,put
0.006024360656738281,138,0.007246376811594203,0.03,50,0.02,48,2,e,put
0.005817055702209473,139,0.007194244604316547,0.03,50,0.02,48,2,e,put
0.005548000335693359,140,0.007142857142857143,0.03,50,0.02,48,2,e,put
0.0028232336044311523,141,0.0070921985815602835,0.03,50,0.02,48,2,e,put
0.004981279373168945,142,0.007042253521126761,0.03,50,0.02,48,2,e,put
0.0064966678619384766,143,0.006993006993006993,0.03,50,0.02,48,2,e,put
0.006049394607543945,144,0.006944444444444444,0.03,50,0.02,48,2,e,put
0.005265235900878906,145,0.006896551724137931,0.03,50,0.02,48,2,e,put
0.006479382514953613,146,0.00684931506849315,0.03,50,0.02,48,2,e,put
0.00840294361114502,147,0.006802721088435374,0.03,50,0.02,48,2,e,put
0.005107522010803223,148,0.006756756756756757,0.03,50,0.02,48,2,e,put
0.004816889762878418,149,0.006711409395973154,0.03,50,0.02,48,2,e,put
0.005554795265197754,150,0.006666666666666667,0.03,50,0.02,48,2,e,put
0.004774808883666992,151,0.006622516556291391,0.03,50,0.02,48,2,e,put
0.005873203277587891,152,0.006578947368421052,0.03,50,0.02,48,2,e,put
0.0059850215911865234,153,0.006535947712418301,0.03,50,0.02,48,2,e,put
0.006982088088989258,154,0.006493506493506494,0.03,50,0.02,48,2,e,put
0.00611722469329834,155,0.0064516129032258064,0.03,50,0.02,48,2,e,put
0.008623361587524414,156,0.00641025641025641,0.03,50,0.02,48,2,e,put
0.007971644401550293,157,0.006369426751592357,0.03,50,0.02,48,2,e,put
0.006353497505187988,158,0.006329113924050633,0.03,50,0.02,48,2,e,put
0.008640170097351074,159,0.006289308176100629,0.03,50,0.02,48,2,e,put
0.010198354721069336,160,0.00625,0.03,50,0.02,48,2,e,put
0.009964704513549805,161,0.006211180124223602,0.03,50,0.02,48,2,e,put
0.009840726852416992,162,0.006172839506172839,0.03,50,0.02,48,2,e,put
0.01004934310913086,163,0.006134969325153374,0.03,50,0.02,48,2,e,put
0.009953618049621582,164,0.006097560975609756,0.03,50,0.02,48,2,e,put
0.009988784790039062,165,0.006060606060606061,0.03,50,0.02,48,2,e,put
0.009384751319885254,166,0.006024096385542169,0.03,50,0.02,48,2,e,put
0.010622859001159668,167,0.005988023952095809,0.03,50,0.02,48,2,e,put
0.008313298225402832,168,0.005952380952380952,0.03,50,0.02,48,2,e,put
0.013808727264404297,169,0.005917159763313609,0.03,50,0.02,48,2,e,put
0.010184288024902344,170,0.0058823529411764705,0.03,50,0.02,48,2,e,put
0.008629083633422852,171,0.005847953216374269,0.03,50,0.02,48,2,e,put
0.015513062477111816,172,0.005813953488372093,0.03,50,0.02,48,2,e,put
0.008109807968139648,173,0.005780346820809248,0.03,50,0.02,48,2,e,put
0.012444138526916504,174,0.005747126436781609,0.03,50,0.02,48,2,e,put
0.010358452796936035,175,0.005714285714285714,0.03,50,0.02,48,2,e,put
0.019418001174926758,176,0.005681818181818182,0.03,50,0.02,48,2,e,put
0.016303181648254395,177,0.005649717514124294,0.03,50,0.02,48,2,e,put
0.010023951530456543,178,0.0056179775280898875,0.03,50,0.02,48,2,e,put
0.012511014938354492,179,0.00558659217877095,0.03,50,0.02,48,2,e,put
0.015114426612854004,180,0.005555555555555556,0.03,50,0.02,48,2,e,put
0.012552857398986816,181,0.0055248618784530384,0.03,50,0.02,48,2,e,put
0.013921022415161133,182,0.005494505494505495,0.03,50,0.02,48,2,e,put
0.011211156845092773,183,0.00546448087431694,0.03,50,0.02,48,2,e,put
0.012946486473083496,184,0.005434782608695652,0.03,50,0.02,48,2,e,put
0.010980963706970215,185,0.005405405405405406,0.03,50,0.02,48,2,e,put
0.0125579833984375,186,0.005376344086021506,0.03,50,0.02,48,2,e,put
0.015296459197998047,187,0.0053475935828877,0.03,50,0.02,48,2,e,put
0.014602422714233398,188,0.005319148936170213,0.03,50,0.02,48,2,e,put
0.013817310333251953,189,0.005291005291005291,0.03,50,0.02,48,2,e,put
0.01104748249053955,190,0.005263157894736842,0.03,50,0.02,48,2,e,put
0.0150986909866333,191,0.005235602094240838,0.03,50,0.02,48,2,e,put
0.014441370964050293,192,0.005208333333333333,0.03,50,0.02,48,2,e,put
0.0144120454788208,193,0.0051813471502590676,0.03,50,0.02,48,2,e,put
0.014008402824401855,194,0.005154639175257732,0.03,50,0.02,48,2,e,put
0.011034965515136719,195,0.005128205128205128,0.03,50,0.02,48,2,e,put
0.014934539794921875,196,0.00510204081632653,0.03,50,0.02,48,2,e,put
0.015248894691467285,197,0.005076142131979695,0.03,50,0.02,48,2,e,put
0.015763044357299805,198,0.005050505050505051,0.03,50,0.02,48,2,e,put
0.016705989837646484,199,0.005025125628140704,0.03,50,0.02,48,2,e,put
0.01484537124633789,200,0.005,0.03,50,0.02,48,2,e,put
0.01623857021331787,201,0.004975124378109453,0.03,50,0.02,48,2,e,put
0.013930678367614746,202,0.0049504950495049506,0.03,50,0.02,48,2,e,put
0.01484692096710205,203,0.0049261083743842365,0.03,50,0.02,48,2,e,put
0.01642310619354248,204,0.004901960784313725,0.03,50,0.02,48,2,e,put
0.015610933303833008,205,0.004878048780487805,0.03,50,0.02,48,2,e,put
0.01817917823791504,206,0.0048543689320388345,0.03,50,0.02,48,2,e,put
0.015123605728149414,207,0.004830917874396135,0.03,50,0.02,48,2,e,put
0.021586060523986816,208,0.004807692307692308,0.03,50,0.02,48,2,e,put
0.017447352409362793,209,0.004784688995215311,0.03,50,0.02,48,2,e,put
0.022643446922302246,210,0.004761904761904762,0.03,50,0.02,48,2,e,put
0.017245888710021973,211,0.004739336492890996,0.03,50,0.02,48,2,e,put
0.021028637886047363,212,0.0047169811320754715,0.03,50,0.02,48,2,e,put
0.026884078979492188,213,0.004694835680751174,0.03,50,0.02,48,2,e,put
0.01858675479888916,214,0.004672897196261682,0.03,50,0.02,48,2,e,put
0.01771712303161621,215,0.004651162790697674,0.03,50,0.02,48,2,e,put
0.017310261726379395,216,0.004629629629629629,0.03,50,0.02,48,2,e,put
0.01576972007751465,217,0.004608294930875576,0.03,50,0.02,48,2,e,put
0.02271425724029541,218,0.0045871559633027525,0.03,50,0.02,48,2,e,put
0.024439096450805664,219,0.0045662100456621,0.03,50,0.02,48,2,e,put
0.02851283550262451,220,0.004545454545454545,0.03,50,0.02,48,2,e,put
0.023075461387634277,221,0.004524886877828055,0.03,50,0.02,48,2,e,put
0.019676566123962402,222,0.0045045045045045045,0.03,50,0.02,48,2,e,put
0.02342987060546875,223,0.004484304932735426,0.03,50,0.02,48,2,e,put
0.022853493690490723,224,0.004464285714285714,0.03,50,0.02,48,2,e,put
0.021265029907226562,225,0.0044444444444444444,0.03,50,0.02,48,2,e,put
0.020445704460144043,226,0.004424778761061947,0.03,50,0.02,48,2,e,put
0.02436506748199463,227,0.004405286343612335,0.03,50,0.02,48,2,e,put
0.023278117179870605,228,0.0043859649122807015,0.03,50,0.02,48,2,e,put
0.022768020629882812,229,0.004366812227074236,0.03,50,0.02,48,2,e,put
0.02974855899810791,230,0.004347826086956522,0.03,50,0.02,48,2,e,put
0.023616552352905273,231,0.004329004329004329,0.03,50,0.02,48,2,e,put
0.03460860252380371,232,0.004310344827586207,0.03,50,0.02,48,2,e,put
0.030025720596313477,233,0.004291845493562232,0.03,50,0.02,48,2,e,put
0.026309609413146973,234,0.004273504273504274,0.03,50,0.02,48,2,e,put
0.028281807899475098,235,0.00425531914893617,0.03,50,0.02,48,2,e,put
0.025394916534423828,236,0.00423728813559322,0.03,50,0.02,48,2,e,put
0.03286147117614746,237,0.004219409282700422,0.03,50,0.02,48,2,e,put
0.026577234268188477,238,0.004201680672268907,0.03,50,0.02,48,2,e,put
0.022430896759033203,239,0.0041841004184100415,0.03,50,0.02,48,2,e,put
0.022458314895629883,240,0.004166666666666667,0.03,50,0.02,48,2,e,put
0.02064335346221924,241,0.004149377593360996,0.03,50,0.02,48,2,e,put
0.023634791374206543,242,0.004132231404958678,0.03,50,0.02,48,2,e,put
0.02104341983795166,243,0.00411522633744856,0.03,50,0.02,48,2,e,put
0.02501976490020752,244,0.004098360655737705,0.03,50,0.02,48,2,e,put
0.02486121654510498,245,0.004081632653061225,0.03,50,0.02,48,2,e,put
0.025011897087097168,246,0.0040650406504065045,0.03,50,0.02,48,2,e,put
0.026239871978759766,247,0.004048582995951417,0.03,50,0.02,48,2,e,put
0.03217053413391113,248,0.004032258064516129,0.03,50,0.02,48,2,e,put
0.032889604568481445,249,0.004016064257028112,0.03,50,0.02,48,2,e,put
0.042928099632263184,250,0.004,0.03,50,0.02,48,2,e,put
0.032035231590270996,251,0.00398406374501992,0.03,50,0.02,48,2,e,put
0.030847787857055664,252,0.003968253968253968,0.03,50,0.02,48,2,e,put
0.03195822238922119,253,0.003952569169960474,0.03,50,0.02,48,2,e,put
0.02812480926513672,254,0.003937007874015748,0.03,50,0.02,48,2,e,put
0.0423731803894043,255,0.00392156862745098,0.03,50,0.02,48,2,e,put
0.03161966800689697,256,0.00390625,0.03,50,0.02,48,2,e,put
0.029919743537902832,257,0.0038910505836575876,0.03,50,0.02,48,2,e,put
0.027682900428771973,258,0.003875968992248062,0.03,50,0.02,48,2,e,put
0.029096603393554688,259,0.003861003861003861,0.03,50,0.02,48,2,e,put
0.030680179595947266,260,0.0038461538461538464,0.03,50,0.02,48,2,e,put
0.03463292121887207,261,0.0038314176245210726,0.03,50,0.02,48,2,e,put
0.034043192863464355,262,0.003816793893129771,0.03,50,0.02,48,2,e,put
0.04351520538330078,263,0.0038022813688212928,0.03,50,0.02,48,2,e,put
0.03722047805786133,264,0.003787878787878788,0.03,50,0.02,48,2,e,put
0.03852057456970215,265,0.0037735849056603774,0.03,50,0.02,48,2,e,put
0.0333406925201416,266,0.0037593984962406013,0.03,50,0.02,48,2,e,put
0.03475391864776611,267,0.003745318352059925,0.03,50,0.02,48,2,e,put
0.030162930488586426,268,0.0037313432835820895,0.03,50,0.02,48,2,e,put
0.041314125061035156,269,0.0037174721189591076,0.03,50,0.02,48,2,e,put
0.05494952201843262,270,0.003703703703703704,0.03,50,0.02,48,2,e,put
0.03952836990356445,271,0.0036900369003690036,0.03,50,0.02,48,2,e,put
0.04022204875946045,272,0.003676470588235294,0.03,50,0.02,48,2,e,put
0.03744208812713623,273,0.003663003663003663,0.03,50,0.02,48,2,e,put
0.04035055637359619,274,0.0036496350364963502,0.03,50,0.02,48,2,e,put
0.04509246349334717,275,0.0036363636363636364,0.03,50,0.02,48,2,e,put
0.04487800598144531,276,0.0036231884057971015,0.03,50,0.02,48,2,e,put
0.05981123447418213,277,0.0036101083032490976,0.03,50,0.02,48,2,e,put
0.0342487096786499,278,0.0035971223021582736,0.03,50,0.02,48,2,e,put
0.031055569648742676,279,0.0035842293906810036,0.03,50,0.02,48,2,e,put
0.04088878631591797,280,0.0035714285714285713,0.03,50,0.02,48,2,e,put
0.03291678428649902,281,0.0035587188612099642,0.03,50,0.02,48,2,e,put
0.03202331066131592,282,0.0035460992907801418,0.03,50,0.02,48,2,e,put
0.02999556064605713,283,0.0035335689045936395,0.03,50,0.02,48,2,e,put
0.030074119567871094,284,0.0035211267605633804,0.03,50,0.02,48,2,e,put
0.031302571296691895,285,0.0035087719298245615,0.03,50,0.02,48,2,e,put
0.02753269672393799,286,0.0034965034965034965,0.03,50,0.02,48,2,e,put
0.027481675148010254,287,0.003484320557491289,0.03,50,0.02,48,2,e,put
0.030228137969970703,288,0.003472222222222222,0.03,50,0.02,48,2,e,put
0.03477942943572998,289,0.0034602076124567475,0.03,50,0.02,48,2,e,put
0.03511965274810791,290,0.0034482758620689655,0.03,50,0.02,48,2,e,put
0.0773458480834961,291,0.003436426116838488,0.03,50,0.02,48,2,e,put
0.04987943172454834,292,0.003424657534246575,0.03,50,0.02,48,2,e,put
0.047724127769470215,293,0.0034129692832764505,0.03,50,0.02,48,2,e,put
0.04233670234680176,294,0.003401360544217687,0.03,50,0.02,48,2,e,put
0.04975736141204834,295,0.003389830508474576,0.03,50,0.02,48,2,e,put
0.05277729034423828,296,0.0033783783783783786,0.03,50,0.02,48,2,e,put
0.03948187828063965,297,0.003367003367003367,0.03,50,0.02,48,2,e,put
0.039881348609924316,298,0.003355704697986577,0.03,50,0.02,48,2,e,put
0.03499269485473633,299,0.0033444816053511705,0.03,50,0.02,48,2,e,put
